0.014016748,0.036342551,0.020594753,0.018821664,0.001449913,0.001242651,0.000350355,0.000391578,0.074512306,0.164145753,0.000120456,3.46783E-05,0.215322913,0.035657178,0.206925956,0.016878592,0.009683149,0.013290191,0.002262794,0.083469192,0.08168643,0.069116229,0.00703308,0.009753723,0.001130449,0.211858414,0.008992813,0.556986441,0.000074594,0.000446107,0.083774902,0.007479303,0.249438856,0.003492083,0.000227978,0.001973355,0.043718202,0.000794897,0.000125879,0.099085195,0.02361841,0.0251378,0.006069219,0.000152339,0.073517837,0.019326999,0.000117763,0.050686262,0.000190559,0.009241293,0.05750837,0.011075308,0.000303538,0.000398862,0.024372526,0.000565623,0.215700228,9.36049E-05,0.001866517,0.000435297,0.003023906,0.027713555,2.98234E-05,1.00094E-05,3.68878E-06,0.000291908,0.000546387,0.041155782,8.49236E-05,0.000121162,0.000626381,0.004460171,0.003807755,0.001205735,0.138136723,0.013557298,2.82117E-05,0.009156697,0
0.012771877,3.27756E-05,0.020075248,0.014253664,0.001826303,0.000745336,0.000444258,0.000234279,0.056650516,0.151681955,0.000118772,0.000027719,0.019581362,0.030108298,0.217151603,0.028326046,0.006358444,0.047546118,0.003951438,0.070060105,0.068253961,0.060144132,0.092252718,0.010471022,0.003152048,0.16624001,0.006394837,0.460696017,5.72061E-05,0.000507227,0.094386656,0.007710727,0.026983162,0.000162259,0.000269785,0.000830992,0.000260167,0.000378123,0.00512949,0.051524266,0.028727967,0.031473998,0.052759373,0.000309571,0.065366037,0.024475621,0,0.043644995,0.00025592,0.021754133,0.052969292,0.055283358,0.000774037,0.031457837,0.315120816,0.000533102,0.629219393,0.002046285,0.001116675,0.000622002,0.002881743,0.023768313,8.42555E-06,6.23068E-06,0,0.000272477,0.000339702,0.036349564,0.000114533,7.32081E-05,0.000280606,0.010874151,0.000102348,0.000104132,0.098276298,0.002026965,3.57903E-05,0.010573087,0
0.012708301,3.97851E-05,0.004315507,0.019186599,0.015635111,0,0.005052356,0.000448881,0.08072907,0.208568933,0.002400655,0.000166149,0.01636621,0.030643597,0.071054191,0.07090143,0.005716414,0.055845652,0.027001511,0.070252219,0.067646143,0.059226649,0.004961716,0.009222396,0.0008109,0.174048447,0.006597953,0.038435443,0.00057515,0.00053104,0.070162406,0.048673158,0.267337602,0.000218412,0.000176497,0.000674967,0.003698464,0.027842027,0.000261836,0.317893705,0.000891601,0.000812734,0.040195628,0.000130279,0.093638365,0.009807288,5.46266E-05,0.016483601,0.00033637,2.72662E-06,0.013208375,3.64935E-05,0.000349191,6.36817E-06,1.69421E-05,0.073381655,1.95348E-05,0,1.68327E-05,0,2.21124E-05,0.017875834,0,0,0,2.79155E-05,0,0.086415639,9.73851E-05,0.000088214,0.000125354,0.034928386,0.003236483,8.74089E-05,0.015850208,0.000380694,0.00001843,0.00059555,0
0.007878789,5.51578E-06,0.018243558,0.012276421,0.017206079,0,0.000349679,0.004401083,0.050653662,0.113729152,5.76643E-05,0.000122592,0.190942049,0.020655941,0.012615638,0.011347938,0.000165818,0.047691209,0.015438844,0.007237686,0.047659377,0.005724057,0.055564584,0.022663574,0.000859793,0.09829366,0.000437687,0.02416931,3.03339E-05,0.000307862,0.047410004,0.2752188,0.150696703,9.05247E-05,0.00021593,0.001804533,0.000143967,0.000400563,0.000282161,0.033385158,0.013871262,0.013362376,0.005184284,2.97325E-05,0.052268238,0.014250176,0.000043897,0.058606404,8.10651E-05,0.01401172,0.005307237,0.822028585,0.055745024,0.122243599,0.168597743,0.000111603,0.111306821,0.000517812,9.61554E-05,0.001474502,0.000444393,0.027485046,0.000181614,0.000016375,0,0.002291605,0.006152523,0.148698938,0.000141299,0.002431352,0.001154638,0.001345854,0.000294775,0.000114047,0.653503916,0.000422365,1.82069E-05,0.01227195,0
0.0138402,6.76039E-06,0.004641229,0.01494137,0.019920803,0,0.000366302,0.00366795,0.070207721,0.182948176,0.000132942,0.000401771,0.239151768,0.038878433,0.027241128,0.013805297,0.010250091,0.080504007,0.041051658,0.116428751,0.11187478,0.094964529,0.120573715,0.026929383,0.000669557,0.207534072,0.008744533,0.049121908,4.73324E-05,0.000390274,0.083900627,0.060347755,0.199882816,0.00011115,0.011189416,0.001833553,0.000203836,0.015319061,0.011276674,0.488285793,0.01383229,0.013709985,0.012956595,0.000249152,0.066156373,0.009616608,0.000861941,0.052466775,9.68175E-05,2.74543E-05,0.00549476,0.026358813,0.000141937,8.35808E-05,0.003602641,4.74983E-05,0.001021842,2.84646E-05,4.93113E-06,4.25048E-05,0.000459086,0.026880441,3.11487E-05,0.000495304,0.000282191,0.023873071,0.000063876,0.07453688,7.57166E-05,0.004934836,0.000712021,0.001897801,0.000254248,9.04149E-05,0.308119455,0.00681619,1.38002E-05,0.02288998,0
0.008138568,7.30995E-06,0.016783725,0.009034064,0.010484012,0,0.000227246,0.00025433,0.03562615,0.04381599,5.19353E-05,0.000056867,0.214561629,0.021792582,0.010988264,0.011544777,0.001846835,0.104866669,0.014492857,0.049364805,0.045550146,0.039948424,0.042652608,0.0068843,0.001890191,0.178758495,0.006842058,0.046791848,2.97164E-05,0.000388932,0.040976114,0.027569986,0.204075826,0.00014124,0.000017408,0.000103095,0.010683739,0.011426369,2.02758E-06,0.100704416,0.000108354,0.000108956,0.000038857,2.19986E-05,0.000656021,0.028989083,5.78979E-05,0.059841228,0.000127252,6.41614E-05,0.038808222,0.159871078,0.000136185,0.000087864,0.013836091,0.000555723,0.04727786,0,2.40515E-05,7.51899E-05,1.03718E-05,0.035200286,2.42325E-05,0,0,8.75684E-05,0.000193994,0.069284484,0.000062861,0.000110431,0.00119826,0.000868995,0.004518259,0.000104492,0.015811264,1.17876E-05,1.20588E-05,2.72762E-05,0
0.010785505,8.40775E-06,0.022492462,0.015239152,0.0169729,0.00006062,0.003377707,0.004205997,0.053779504,0.162682061,6.91279E-05,0.000201536,0.202884849,0.030117489,0.01834669,0.013526575,0.005724546,0.011433507,0.002716164,0.084534036,0.078917217,0.068080357,0.004928601,0.007913226,0.004118868,0.146830152,0.005592812,0.03633547,7.18862E-05,0.00047446,0.05097764,0.036373209,0.207046255,0.000138809,0.018547659,0.002482311,0.00014046,0.001264428,0.024012957,0.139221316,0.000689774,0.000713667,0.207917063,8.37217E-05,0.056108375,0.012781546,5.08198E-05,0.059187858,0.000273062,1.27936E-05,0.000172785,2.80799E-05,9.00409E-05,0,1.59657E-05,0.000284748,1.62832E-05,1.70928E-05,0,0,1.28297E-05,0.033253921,1.81025E-05,0,0,1.19679E-05,0,1.78654E-05,3.76958E-05,0.000179025,0.000706868,1.08574E-05,0.005223236,0.000109787,2.36824E-05,1.04569E-05,2.97977E-05,0.00012793,0
0.013859973,1.84204E-05,0.021612297,0.015273022,0.010269133,0,0.000478951,0.000509417,0.055617557,0.151925335,7.71763E-05,0.000413951,0.242649118,0.03536712,0.023773958,0.027639462,0.00518476,0.011153359,0.001497826,0.05685604,0.053414326,0.046828355,0.003922252,0.009984082,0.000200849,0.154380439,0.005726184,0.042284919,7.60259E-05,0.000629486,0.063752347,0.045711415,0.216128966,0.000135604,9.13042E-05,0.001112279,0.000174243,0.014850789,0.000335802,0.366757161,0.001092549,0.000921982,0.037443939,0.000088877,0.036468909,0.010022868,0.00024464,0.050082858,0.000307133,1.26274E-05,0.009984493,1.00077E-05,9.21973E-05,0,8.93453E-06,0.000151843,7.32219E-06,0,2.76892E-05,0,7.20048E-06,0.029582672,0,0,0,1.28268E-05,0,2.26416E-05,5.63962E-05,0.00008335,0.000389824,9.39782E-06,0.008107231,0.000119147,3.29842E-05,1.11922E-05,1.60745E-05,0.000217713,0
0.015402059,2.34641E-05,0.011329021,0.014090015,0.020693801,4.32484E-06,0.00796075,0.000317469,0.056822847,0.133167338,6.32593E-05,0.00040638,0.01482765,0.039631301,0.06636851,0.002460945,0.008745609,0.048811536,0.00191953,0.063635688,0.059343401,0.048445523,0.076365729,0.010772632,0.000974646,0.137303377,0.005389093,0.036664206,6.35607E-05,0.000588521,0.057980696,0.318558785,0.199385334,0.000218776,7.74446E-05,0.000900225,0.000285962,0.000252582,7.90521E-05,0.015153624,0.000284885,0.000344914,0.010636822,8.89664E-05,0.014612864,0.010752436,1.42971E-05,0.020325047,0.000216168,0,0.000223397,1.01056E-05,6.50409E-05,0,5.91613E-06,0.000160181,1.01384E-05,0,0,1.12446E-05,8.81628E-06,0.022937653,0,0,0,9.90658E-06,0,1.87836E-05,4.57278E-05,0.000140381,0.00046891,1.54073E-05,0.007306121,0.00012279,2.94849E-05,7.87996E-06,1.52392E-05,0.000156323,0
0.011758487,1.39676E-05,0.016206626,0.014283695,0.017073838,4.57733E-05,0.000366704,0.000302061,0.027205726,0.128630496,4.06576E-05,0.000138361,0.126266572,0.030937,0.0224247,0.010559086,0.002423106,0.045946972,0.002231267,0.076074998,0.071681959,0.062943318,0.057135861,0.007599144,0.000347918,0.112942271,0.004326507,0.030271147,2.28421E-05,0.000544889,0.054205854,0.040788594,0.174987461,0.000096198,7.40078E-05,0.002298762,0.000798145,0.000673407,0.000188667,0.081072106,0.000364018,0.000320616,0.005391164,0.000105217,0.012471015,0.021580288,9.33533E-05,0.062681291,0.000136974,1.16407E-05,0.068092344,3.48419E-05,0.000138237,0,1.56469E-05,0.000273991,2.40434E-05,0,0,0,2.11876E-05,0.033676907,0.000037006,0,4.00354E-06,1.88994E-05,0,0,2.99327E-05,4.17662E-05,0.001142378,2.40485E-05,0.009581273,0.000122669,4.21176E-05,9.93028E-06,1.59468E-05,0.000120781,0
0.00475472,0.009068563,0.006925235,0.012873582,0.006243953,0,0.000151008,0.000279312,0.015382939,0.034192756,1.40606E-05,2.76609E-05,0.006015935,0.00975631,0.004280866,0.000848261,6.33469E-05,0.008910957,0.004283567,0.012518729,0.012281705,0.000846594,0.011908968,0.026837654,0.003390524,0.030148124,0.000156681,0.079804121,1.68288E-05,0.000625833,0.00185121,0.010695518,0.054323353,0.000150035,0.000112678,0.000790413,0.000718802,3.84355E-05,9.85984E-05,0.00041181,6.30804E-05,7.22741E-05,0.003273554,5.79051E-05,0.000377451,0.08613608,1.48159E-05,0.015779537,4.22086E-05,0.00006838,0.008950855,0.003682935,4.57995E-05,0.000130006,0.001125784,0.001132692,0.003652575,5.56373E-05,3.76643E-05,0.000066393,0.000196308,0.002316775,3.32868E-05,0,7.67146E-06,4.34286E-05,0.000020396,0.024887948,1.42628E-05,6.01747E-06,1.97597E-05,0.010029894,0.000079613,9.79873E-05,0.00333472,0.000534369,5.05659E-06,0.391483882,0
0.014558638,1.02218E-05,0.017559259,0.01707354,0.016827682,0,0.000359333,0.000317836,0.042415574,0.110839114,9.68559E-05,0.000229283,0.177436666,0.032739127,0.013646433,0.020000747,0.005361646,0.068890205,0.002149758,0.006068372,0.005788574,0.005007002,0.063732398,0.007958523,0.000213733,0.100194362,0.000501742,0.029667034,5.18994E-05,0.000490291,0.045711237,0.034103079,0.163601801,9.80324E-05,0.00030444,0.001710463,0.000641707,0.000431921,0.008219776,0.037394491,0.000575471,0.000643196,0.033750145,0.000136079,0.025739089,0.010344271,0.000137121,0.053558623,0.000331551,1.74241E-05,0.037721109,0.017203701,0.000138009,2.05175E-05,9.55502E-05,0.000240168,0.000539809,0,2.92661E-05,0.00001481,0.000500523,0.027803079,1.55196E-05,8.79762E-06,0,0.022559251,1.58658E-05,0.044765998,8.93947E-05,0.003749194,0.000690175,0.002497577,0.002633563,0.000115055,0.173189401,0.001151532,0.000014123,0.024314619,0
0.015015823,9.16448E-06,0.019906134,0.014549149,0.020525458,5.00596E-06,0.000352928,0.000317253,0.05904195,0.012139976,9.63522E-05,0.000466022,0.289123373,0.040644602,0.021517582,0.019306318,0.009465375,0.060061626,0.002380325,0.0730009,0.074064284,0.061028957,0.090964507,0.025031822,0.000253207,0.163500954,0.006090465,0.042437779,6.04689E-05,0.000480614,0.083925076,0.065479502,0.236312645,0.000123822,7.87422E-05,0.001867749,0.000147294,0.000930544,0.000138495,0.011846291,0.012860732,0.013192517,0.000365863,0.000139504,0.040513971,0.012965132,0.000118448,0.045077419,0.000188747,0.001219234,0.035197123,0.056154115,0.022526457,0.07569208,0.095012341,0.000406724,0.061032924,0.000303358,0.00014781,0.001354478,0.002674602,0.024448335,0.000151983,0.004582348,0.001291997,0.258277791,0.000110899,0.033967587,6.24462E-05,0.00117236,0.000308051,0.001657969,0.000159597,0.000142463,0.00227663,0.009155685,1.30007E-05,0.014739492,0
0.003156648,0.00024808,0.007262186,0.012482882,0.006445077,0.00107547,0.000158747,0.000208997,0.018750312,0.041864239,0.000013715,1.36157E-05,0.00727187,0.008525667,0.003754841,0.000441707,0.000052118,0.006201901,0.004137239,0.01023995,0.000956837,0.000795831,0.000635611,0.001260692,0.000116298,0.019940008,0.00011631,0.055808636,1.43282E-05,0.000663977,0.001333914,0.007464305,0.060528872,0.00018904,0.000144889,0,0.011633379,0.000217292,0.000140097,0.031880275,0.000115203,0.000163519,0.008661656,2.61606E-05,0.007630677,0.08224138,8.79774E-06,0.015159094,7.46463E-05,1.48752E-05,0.010160807,0.000610832,0.000103463,0.000038802,0.000291518,0.00024774,0.001687474,7.87623E-05,2.46405E-05,4.37097E-05,0.002758541,0.002570421,0.000108612,9.03679E-06,0,0.002983643,0,0.032119738,4.24817E-05,0.00123421,2.35449E-05,0.030415773,0.000216461,0.002203541,0.005397563,0.001467265,8.73907E-06,0.547212512,0
0.009695526,2.59594E-05,0.035215042,0.015705276,0.018736055,0.003050796,0.007449935,0.004165673,0.060233471,0.133959448,9.54854E-05,4.39248E-05,0.238482205,0.028628706,0.02073525,0.01534416,0.00752601,0.015824409,0.044311041,0.126347162,0.119410193,0.102864321,0.102043644,0.044741208,0.00017291,0.20269314,0.00790441,0.522612558,6.75607E-05,0.000641269,0.093963776,0.074153497,0.276421887,0.003634625,0.000111804,1.64595E-06,0.000249388,0.000242215,0.00011983,0.132608093,0.015097777,0.014546751,0.005134953,0.0004683,0.129103829,0.048807881,0.000191454,0.065586275,0.00010685,1.16285E-05,0.013116231,3.35842E-05,7.09927E-05,0,1.09365E-05,0.000152053,1.22509E-05,1.82189E-05,2.31412E-05,0,1.18766E-05,0.032991198,4.07087E-05,8.09101E-06,0,1.10027E-05,0,2.41485E-05,0.000111155,9.07861E-05,0.001113325,1.02922E-05,0.00010016,0.000116687,3.30541E-05,2.32281E-05,0.000347719,0.000133954,0
0.010363778,6.92907E-06,0.019448808,0.013619093,0.013339025,0.000753505,0.000290971,0.005416142,0.067515116,0.172115815,7.99888E-05,5.94821E-05,0.009238002,0.025249553,0.016177659,0.015240353,0.006062306,0.058851835,0.035251087,0.090977879,0.088713671,0.006314613,0.004338982,0.020275605,0.003187896,0.155068347,0.005881347,0.430752556,7.18131E-05,0.000389409,0.050075754,0.03666217,0.241959291,0.0038896,0.009704931,9.47921E-06,0.000137349,0.000629666,0.020549772,0.166838989,0.000636163,0.000663041,0.10603698,4.50957E-05,0.036612535,0.012707404,3.4625E-06,0.044640318,0.000113031,7.48476E-05,0.015936463,0.002026384,9.96225E-05,6.82576E-05,0.018070845,3.19076E-05,0.002329749,6.40179E-05,6.16227E-05,4.50994E-05,0.001368775,0.02199546,0,0.002208161,4.66004E-05,0.000665026,0.002850281,0.001802821,0.000237222,0.001109918,0.000431593,0.033210612,0.005025353,0.000112406,0.221090439,0.031747566,2.75074E-05,0.010026309,0
0.013597649,9.56242E-06,0.041383515,0.019218066,0.022833387,0.002165943,0.000457954,0.000341321,0.102749649,0.135792431,0.000169991,0.000513571,0.212314313,0.044238284,0.021523434,0.015598981,0.011299817,0.094058436,0.034267793,0.091274383,0.085064057,0.004838825,0.109065165,0.023732108,0.003143827,0.228519508,0.010029869,0.597677512,0.000145676,0.000538253,0.09386169,0.064586304,0.029526385,0.004578989,8.92176E-05,8.4479E-06,0.000205252,0.015352666,0.000162545,0.286914832,0.013411744,0.014912446,0.005222668,7.28287E-05,0.070762935,0.022510861,2.79887E-05,0.051105163,0.000354035,1.82997E-05,0.09826899,3.02649E-05,0.002389566,0,1.42744E-05,0.001605767,1.10528E-05,0,0.002066336,0,6.59071E-06,0.030006634,0,0,0,1.17018E-05,0,1.96905E-05,0.001616247,7.26774E-05,0.000341397,1.11263E-05,0.004200795,0.000121311,3.43683E-05,6.77334E-06,0.000308336,0.000178395,0
0.014024188,0.001219254,0.004124816,0.010360689,0.009799299,1.06442E-05,0.006325524,0.000268783,0.088283086,0.1604059,0.000150228,4.98163E-05,0.201102284,0.034652586,0.021400131,0.032605175,0.008839639,0.01022564,0.031118304,0.005513914,0.005206082,0.004156847,0.098977181,0.021752976,0.034161575,0.188527937,0.007513875,0.50116875,0.000588904,0.000535775,0.103175018,0.070106279,0.317708187,0.004674889,0.000302509,6.13198E-06,0.003386844,0.000723886,0.000286965,0.006629801,0.00020482,0.000190048,0.007478651,0.000101664,0.000729996,0.025158498,0.000111729,0.018612214,8.82754E-05,0.000102507,0.028550953,0.005393789,0.000061344,0.000186147,0.001528276,0.000647087,0.005649135,0.000518215,0.000305618,0.000122714,0.001254109,0.001077552,5.95488E-06,9.77924E-06,4.15034E-05,0.006683891,0.008333362,0.036615805,0.003608268,0.002714357,0.000551162,0.004915787,0.004065639,0.004787259,0.003515285,0.000608323,2.01276E-05,2.789258885,0
0.010189604,0.000298889,0.018122363,0.015321852,0.011504111,0.001132026,0.000312869,0.004726782,0.054310013,0.2349859,0.000062271,1.82431E-05,0.191721734,0.029906812,0.016579101,0.016592672,0.006376723,0.005953223,0.002332024,0.061247832,0.058511655,0.003174922,0.080258421,0.007744667,0.013695317,0.127716184,0.000674385,0.32789718,2.97138E-05,0.000582225,0.062094803,0.049015878,0.232464083,0.003517523,3.92051E-05,4.2039E-06,0.000243149,0.000753907,6.98279E-05,0.05669853,0.000217436,0.000212013,0.036890494,4.34438E-05,0.000846152,0.007293544,5.17123E-05,0.047700668,0.00025615,0.000178373,0.000145094,0.045979362,0.000175169,0.006850456,0.011286104,2.87885E-05,0.093857426,8.58264E-05,0.000445363,0.000463049,0.003933689,0.001737899,4.53534E-05,0,0,0.013818322,0,0.042105608,5.31993E-05,0.002425028,0.000232683,0.002259902,0.003044083,9.90835E-05,0.006237801,0.000589538,1.05864E-05,0.024332408,0
0.012530903,0.000142341,0.006234264,0.013295583,0.018841478,0.001287369,0.000452046,0.000434851,0.053467695,0.135251426,7.74094E-05,3.71188E-05,0.018093732,0.02783692,0.017689032,0.022311839,0.006106192,0.00935261,0.001930934,0.005216386,0.004720848,0.004066881,0.05999151,0.008063119,0.000170129,0.135929227,0.000669058,0.369067596,3.77539E-05,0.000841973,0.075577472,0.053786037,0.206809946,0.004161637,0.000195953,4.72322E-06,0.001502421,0.00087117,0.008886473,0.098781524,0.008656199,0.009564756,0.052661527,0.000119436,0.016155437,0.011658296,0.000141921,0.041590502,0.000113856,1.12672E-05,0.057650176,9.31511E-05,0.005256011,2.87503E-05,3.00123E-05,0.000907129,0.000151568,0.000415941,0.002285144,0.0017568,8.53641E-06,0.001454903,5.85226E-05,0,0,0.000218273,0,0.024080819,3.84622E-05,6.53569E-05,0.000449504,0.010058939,0.000063437,0.00011185,0.002092598,0.004665446,0.000237564,0.000140853,0
0.009304509,5.44668E-06,0.018650794,0.015632909,0.018665829,0.001356905,0.000628352,0.003833608,0.046268061,0.180602918,0.000144235,2.56567E-05,0.192650092,0.031007027,0.018887945,0.02194131,0.006924734,0.060457362,0.002255456,0.075700213,0.072577296,0.062465975,0.098082082,0.024096766,0.006625005,0.15636066,0.006108388,0.409467144,5.83588E-05,0.000489308,0.043937678,0.032509837,0.255251181,0.003621829,0.005558759,1.18773E-05,0.000165738,0.000964101,0.019758296,0.005669276,0.000186162,0.000226803,0.055227042,0.000107984,0.000603792,0.013218708,7.81099E-05,0.0537489,0.000511476,2.21043E-05,0.04797305,0.000557762,0.006113044,5.68989E-05,0.000151591,0.000531799,0.000602177,2.03444E-05,0.002692809,0.000015778,0.001060278,0.001755738,7.43316E-05,0.000108716,0.000230112,0.016283915,0,0.045554895,0.000152128,0.002581395,0.000711012,0.004854992,0.004914398,0.000109026,0.008025611,0.00619262,1.54174E-05,0.119618698,0
0.009674252,6.24683E-06,0.01641925,0.012441754,0.018626339,0.001722144,0.000609426,0.005754034,0.049867875,0.012809427,0.000112616,0.000014587,0.133887923,0.039300378,0.019048559,0.002472565,0.006856781,0.009900674,0.004215972,0.085944705,0.080600054,0.004382935,0.077826172,0.022376435,0.026763077,0.134177656,0.005151625,0.348968674,2.96055E-05,0.000455808,0.07242498,0.052034708,0.16205578,0.002864071,0.000182234,6.57816E-06,0.000129546,0.000340146,0.000152709,0.0004348,0.0006814,0.000614958,0.010421571,0.000102014,0.007598968,0.017915537,7.56463E-05,0.057426031,0.000248453,0.002935294,0.026576581,0.049647074,0.000201482,0.010049346,0.056745272,0.000255568,0.009838154,2.98588E-05,0.000776237,0.000213238,7.09906E-06,0.002319893,6.48347E-05,0,0,4.32837E-05,0,0.054363644,0.000451477,7.98034E-05,0.000859656,0.001898872,0.003952567,9.15602E-05,0.007830631,1.29557E-05,0.00026379,3.80059E-05,0
0.014788178,0.001033167,0.004444261,0.015046988,0.019183393,9.09804E-06,0.000265045,0.00028511,0.061191186,0.123151885,8.30089E-05,0.00002305,0.169889794,0.040300113,0.049931537,0.001564685,0.007145604,0.042630355,0.003187865,0.004660354,0.004140909,0.003767485,0.070087054,0.009303453,0.007577858,0.122197843,0.004385661,0.309496834,0.000645878,0.000510928,0.063256345,0.042137061,0.209819955,0.0036876,0.000501492,2.16485E-06,0.000246893,0.000140905,0.005496989,0.00073618,0.000479649,0.000488973,0.089393458,0.000240798,0.007873579,0.00859214,0.000123016,0.015936875,0.000232617,0.01356505,0.002692767,0.043037656,0.00025201,0.013800955,1.004586998,0.000548015,0.060125309,0.01103442,0.002514837,0.003737049,0.009289867,0.001170147,0.007582222,0,0,0.000591877,0.077842957,0.067461176,7.93876E-05,0.003063783,4.17975E-05,0.004216605,0.000102169,0.007542802,0.016710312,0.006543745,1.80955E-05,0.095609742,0
0.018396508,0.001114674,0.518949587,0.015860513,0.011667542,0.001052422,0.007664743,0.006608006,0.155456685,0.015001837,0.004444936,6.39404E-05,0.250001029,0.059978747,0.041232307,0.054882669,0.022500344,0.090934746,0.104543868,0.273838999,0.263790931,0.015815044,0.19164256,0.047272018,0.004157294,0.406976261,0.018359212,1.098967054,0.000242792,0.000591958,0.170733609,0.127317793,0.480006685,0.005175118,0.03097223,0.000382626,0.038129075,0.027275248,0.073986799,0.500133006,0.000182275,0.000216492,0.367966746,0.000445756,0.013791444,0.036222098,9.81165E-05,0.051902064,0.000207635,9.63252E-06,0.010678137,6.60369E-05,0.00740714,1.01794E-05,2.23943E-05,0.001414548,9.45784E-05,3.84805E-05,0.00544088,0.000012205,0.004021232,0.001712249,4.39241E-05,1.30563E-05,0,0.008392126,0,0.036257815,8.40564E-05,0.001195763,0.000721854,0.000184132,0.000296936,0.000115025,0.005120097,0.088675558,0.000182804,0.020383959,0
0.010613442,7.30452E-05,0.017528387,0.011957789,0.013698206,1.98955E-05,0.000271743,0.006670814,0.043445221,0.194798861,6.95515E-05,2.26693E-05,0.016913319,0.022789611,0.047405468,0.01379853,0.004011253,0.006894783,0.003531154,0.00479491,0.004390005,0.003896726,0.053842278,0.007195023,0.005764871,0.130830877,0.005090073,0.353519967,8.02023E-05,0.000453939,0.052597156,0.035731968,0.221194153,0.000202393,0.000294819,6.84088E-06,0.000205973,0.000763561,0.014613136,0.154349841,9.66729E-05,0.000108168,0.053597618,0.000152876,0.000393551,0.01040317,0.000088979,0.016913307,9.90867E-05,0.022082499,0.041666128,0.059680111,0.000478497,0.01956762,0.052917341,0.017324513,0.074019952,0.018003629,0.001116377,0.002411362,8.29281E-06,0.001188619,0.011941184,1.69405E-06,8.47606E-06,0.000717045,0.131792282,0.098841873,0.002128024,4.73125E-05,0.000384335,0.006180976,8.44794E-05,0.011294952,0.019952163,5.41034E-06,5.38866E-06,5.80973E-05,0
0.013633432,0.00001248,0.024421244,0.013193459,0.00091649,0.001370002,0.000318227,0.000392303,0.053812502,0.123965862,8.45739E-05,2.64415E-05,0.186508001,0.039761552,0.167967001,0.022571744,0.006727033,0.065404409,0.002595573,0.061157506,0.058981091,0.051658574,0.005673391,0.00965862,0.004023505,0.132055787,0.00069068,0.349317371,0.000045842,0.000516883,0.057993155,0.051156459,0.184014527,0.003613806,4.81421E-05,7.67289E-06,0.000182791,0.013753809,8.26083E-05,0.206597794,0.00143279,0.010227151,0.003499902,0.000120432,0.032876315,0.020029882,6.14023E-05,0.050662771,0.000241591,0.00017682,0.000187516,0.009708543,0.000210693,0.006646791,0.001973161,3.05188E-05,0.098922129,8.52862E-05,0.000359008,0.000300019,0.001980883,0.027503655,4.29897E-05,0.000116623,0,5.05845E-05,0.001215949,0.042484539,6.60081E-05,0.001314375,0.000672159,0.005623905,0.003789521,0.000114489,0.007448472,0.2685146,1.18429E-05,0.000116089,0
0.013003223,6.55309E-06,0.019123183,0.013991084,0.001238196,0.0014403,0.000379549,0.000299098,0.057034981,0.108570623,0.000104453,1.67436E-05,0.263234738,0.038816392,0.175586823,0.017967826,0.007391428,0.012681052,0.001840485,0.067435314,0.065376955,0.056245942,0.003061249,0.010683693,0.000257423,0.150510018,0.005604648,0.409262749,0.000043047,0.000404706,0.074882581,0.006179874,0.222244713,0.00355155,5.40857E-05,2.76479E-06,0.000156459,0.000797586,0.000130067,0.012196165,0.01099573,0.011298942,0.000310575,0.000127813,0.0368177,0.015987299,0.000117524,0.057374403,0.000206474,0.033234731,0.034423462,0.044478776,0.000579838,0.052409098,0.378241451,0.000347358,0.042709808,0.000383506,0.001107234,0.000858601,0.001904182,0.02654938,0.002636323,0.001786128,0.000109824,0.017166184,0,0.027589852,0.000103199,0.003905638,0.000945799,0.001599378,0.004865008,6.05278E-05,0.002098279,0.015333626,0.000010848,0.012078977,0
0.009613971,1.44345E-05,0.020158457,0.011704928,0.002168403,0.001817183,0.000268727,0.002868125,0.025674119,0.133188843,6.16992E-05,2.60479E-05,0.193530902,0.034647734,0.165364298,0.021228486,0.012791082,0.016436204,0.002468397,0.119088928,0.112157037,0.095843733,0.003670618,0.00903344,0.001532399,0.164846585,0.006562471,0.428577875,2.85146E-05,0.000315706,0.054880975,0.041183647,0.21538119,0.003151599,0.000586365,4.10755E-05,0.000463395,0.010090474,0.03311028,0.12594561,4.48687E-05,4.11701E-05,0.22664691,3.09346E-05,0.000127731,0.012957326,6.01921E-05,0.056353472,0.000171099,0.044262087,0.000131222,0.058711779,0.00063151,0.044594369,0.533803198,2.73641E-05,0.056160137,0.000219856,0.000710448,0.00064415,0.004325657,0.027973374,0.001842597,0,0,0.000199892,0,0.069450621,0.000117929,0.004614879,0.00079241,0.008293712,0.000115704,0.000105584,0.011937128,0.003397674,0.00016873,0.000093858,0
0.014293985,0.000177299,0.006143158,0.014223436,0.000851888,0.001742951,0.000532315,0.008001206,0.065597941,0.016512126,7.97077E-05,4.62649E-05,0.230375306,0.047521644,0.261297174,0.049270932,0.009115824,0.082564617,0.043985505,0.119075851,0.112082339,0.006374169,0.120309053,0.012950863,0.000339177,0.196073286,0.00812165,0.533073497,6.46881E-05,0.000725477,0.111893018,0.079619962,0.283738227,0.004015535,4.35975E-05,0.001443581,0.015044697,0.001008591,0.000125022,0.087719185,0.000285695,0.000287098,0.020324062,0.000209116,0.001012609,0.023344217,0.000108303,0.046723027,9.88366E-05,6.61769E-06,0.10796617,5.54059E-06,0.000215015,0,7.27088E-06,0.02335718,0,0,0.001181324,0,0,0.027358719,1.26781E-05,0,0,0,0,2.13467E-05,7.22375E-05,5.73703E-05,3.31591E-05,9.00812E-06,0.000119544,0.000211906,7.96827E-05,9.42802E-06,1.75541E-05,0.000171014,0
0.015550018,0.00252305,0.003460197,0.012226624,0.000965181,2.22751E-05,0.000362413,0.004899756,0.06016315,0.195412066,0.000116493,0.000021153,0.17244598,0.037724349,0.195237243,0.02054109,0.002328628,0.045663056,0.00173921,0.062520532,0.058651904,0.003583061,0.003504129,0.010756179,0.001263837,0.138746408,0.000635558,0.367434264,3.09467E-05,0.000489194,0.064264393,0.048222014,0.215592482,0.004096531,0.000244537,0.000658559,0.005056721,0.00109707,0.000580344,0.234224613,0.001249647,0.008695949,0.02337594,0.000116532,0.024756884,0.027456544,0.000273529,0.020084712,0.000149681,0.023522264,0.036213013,0.022087382,0.000454022,0.026517319,0.048813108,0.00531457,0.021335535,0.002792992,0.000160582,0.000311421,0.002363728,0.018388513,0.000130379,0.000571208,0.000116891,0.000014949,0.000326169,0.044524647,0.000135473,0.000364638,0.000395867,0.001763656,0.000101652,0.000103425,0.006266612,0.20493938,1.54412E-05,0.000103344,0
0.013035366,0.035589043,0.005204049,0.015888892,0.002141088,0.001471738,0.000403729,0.000282548,0.070658985,0.161278657,0.000137383,2.91288E-05,0.191518236,0.031813346,0.176018219,0.016641695,0.009053279,0.064807396,0.001769066,0.077680855,0.074229309,0.063580385,0.096388413,0.203284312,0.000916606,0.206217362,0.007851283,0.536343708,0.000070592,0.000382072,0.081345806,0.007730073,0.20581045,0.003630188,0.000238806,0.002143427,0.043836128,0.000785362,0.000124908,0.104425929,0.024380606,0.025672833,0.006813348,0.000142643,0.080380928,0.025069418,0.000135809,0.058846612,0.000279826,0.008420422,0.050740388,0.008154101,0.000273902,0.007033546,0.018520054,0.000702353,0.133270718,0.00012141,0.001948769,0.00034203,0.003064953,0.031500789,2.99762E-05,0,0,0.000221183,0.000768232,0.04793596,0.000128904,0.000132156,0.00098076,0.004931054,0.004638794,0.001375644,0.005800122,0.002074691,1.22295E-05,0.010056275,0
0.013342555,0.000539466,0.028043857,0.015961395,0.001247933,0.001461133,0.000461201,0.004012958,0.074746232,0.205290771,0.000138977,4.45186E-05,0.253207876,0.02676297,0.229756235,0.028609648,0.005452746,0.076292769,0.03846331,0.100200551,0.094500806,0.084785973,0.114910556,0.206259638,0.008082699,0.198294796,0.007689636,0.50098064,9.26736E-05,0.000445996,0.084681555,0.051733435,0.241938591,0.002779638,0.000278541,0.002081646,0.018427531,0.007846241,0.017689749,0.136332885,6.97253E-05,4.97928E-05,0.151745434,0.000149595,0.000836333,0.027272158,0,0.05542152,0.000372393,1.09307E-05,0.054905911,5.76469E-05,0.005202446,0,1.98986E-05,0.000539655,7.81086E-05,0.000275742,0.00170017,0.000473392,0.003191035,0.028766553,3.05372E-05,3.10158E-05,1.28574E-05,0.000546025,0.005378754,0.042027656,0.000109506,0.000175927,0.0012319,0.024871908,0.0045338,0.000122835,0.005728238,1.84165E-05,1.47242E-05,5.91254E-05,0
0.01378473,0.004930615,0.019706497,0.021510396,0.001299169,0.001493449,0.000342106,0.000371095,0.052187351,0.158785185,8.11788E-05,4.35487E-05,0.190979405,0.031852378,0.151105692,0.018694858,0.018685549,0.087446282,0.038346075,0.103636665,0.102046457,0.086865347,0.087917425,0.009819942,0.000943007,0.197870741,0.00744529,0.509372342,4.12215E-05,0.000518988,0.061056877,0.040748975,0.195198069,0.003894396,0.000167295,0.001798008,0.000557409,0.014545972,0.000203331,0.143334896,0.000309771,0.000283989,0.01066754,0.009883685,0.000799409,0.012443239,0,0.05015022,0.000143514,0.007075103,0.009153539,0.007514306,0.000285516,0.010125155,0.119749279,0.000694997,0.128598482,7.33885E-05,0.000143019,0.000347413,0.005359061,0.028131666,2.84621E-05,0,9.41224E-06,0.000333506,0.000405765,0.044115377,4.04146E-05,0.000167417,0.000479851,0.00512085,9.85516E-05,0.000115496,0.005243935,0.000772723,1.52688E-05,0.000184927,0
0.015615439,0.012207094,0.277222139,0.020471671,0.002367571,0.001351766,0.000394817,0.003703479,0.076160076,0.174293941,0.000125876,5.21083E-05,0.229705895,0.036410196,0.204745338,0.033271078,0.008657024,0.064175946,0.037695985,0.102233786,0.096993544,0.084162158,0.111424029,0.210441153,0.00025792,0.184456873,0.007199016,0.489701489,7.67814E-05,0.000540324,0.07576561,0.051667681,0.294563993,0.000134089,0.000060528,0.002453017,0.037403979,0.000152303,0.000117313,0.000410625,0.00045988,0.000496802,0.000321269,0.010384859,0.029776255,0.015721943,0,0.053241047,0.000457269,0.036082017,0.097374261,0.05396011,0.000571515,0.087514553,0.481922292,0.000704657,0.660676725,0.000320205,0.004159974,0.000489256,0.005588677,0.02861377,2.79495E-05,0,3.66927E-06,0.000559547,0.0001973,0.027255492,0.000109322,0.000137163,0.000563313,0.005311689,9.58932E-05,0.000112705,0.001918985,0.011883092,2.16219E-05,9.96657E-05,0
0.010899027,7.35854E-05,0.014548153,0.014683713,0.000546969,1.14092E-05,0.000355158,0.004605573,0.03886682,0.1146203,0.000019221,3.11646E-05,0.012377921,0.026141943,0.135999253,0.000834225,0.002352859,0.035434753,0.01353032,0.003400337,0.003051947,0.002608161,0.06027935,0.007760552,0.002333756,0.076057557,0.000347529,0.188748614,4.26431E-05,0.000393493,0.034767212,0.023346687,0.159171086,0.000181397,3.48125E-05,0.000520366,0.003428424,0.000291575,2.12063E-05,0.023428889,0.000764645,0.000846376,0.000265762,0.00010581,0.020957274,0.008489837,0,0.017394628,0.000119718,0,0.053676013,0.000019772,0.000228564,0,0,0.021180798,1.64205E-05,0,0.000712376,0,0.005978941,0.018337027,1.26809E-05,7.85961E-06,0,1.9304E-06,0,0.036435683,5.27609E-05,0.000105205,0.000322133,0.002669374,0.003316912,0.000119726,0.005477761,0.009158032,0.000230468,0.000107579,0
0.01273675,0.000539355,0.021848835,0.011788916,0.000867714,0.001577717,0.005807235,0.000226524,0.043414104,0.132686952,0.000112461,3.62432E-05,0.144170041,0.030349974,0.161087372,0.015614495,0.007863094,0.120108042,0.00181407,0.00523357,0.004677524,0.004238087,0.066886758,0.00866576,0.001359983,0.163468118,0.005967149,0.430247947,4.29501E-05,0.000396952,0.086794539,0.007853817,0.218095549,0.0032999,0.000284822,0.002105379,0.000289675,0.000618541,7.60019E-05,0.086259723,0.000110187,0.000106791,0.0001282,0.000593529,0.000468946,0.026840176,0.000501904,0.053419394,9.89676E-05,0.014714517,0.014320794,0.02920989,0.0004779,0.032094007,0.032215923,0.000277941,0.311097183,0.000247245,0.000625916,0.000580144,0.007109168,0.028964814,0.000035881,0,6.75639E-06,0.000636422,0.000146026,0.050203735,7.05779E-05,9.88447E-05,0.001012199,0.004103846,0.001198653,0.000106617,0.008076211,0.000948489,1.23903E-05,0.01435547,0
0.010851637,0.001033978,0.017991419,0.013472668,0.001166596,0.000791964,0.000282384,0.000388793,0.051573933,0.134321894,7.19895E-05,3.66133E-05,0.176591011,0.03421338,0.193881148,0.01126735,0.00502137,0.061537061,0.001534284,0.062397713,0.059606845,0.052052187,0.078317159,0.009480581,0.000274168,0.136709768,0.005272718,0.362042461,0.00007082,0.000522907,0.060898985,0.044415904,0.195270881,0.003712499,0.000081163,0.000516563,0.00049863,0.020379015,5.45148E-05,0.497217311,0.000416598,0.000414652,0.000286686,2.71975E-05,0.016401065,0.024403924,0,0.04397814,0.000166968,4.97891E-05,0.010331575,0.001208013,8.23333E-05,7.85119E-05,0.011690919,0.004442999,0.001307699,8.19154E-05,0.000134073,3.56978E-05,0,0.02491289,0.000010395,0,0,1.44386E-05,7.08529E-05,0.033079596,8.28277E-05,2.07102E-05,0.000230485,0.006705864,0.002875705,0.001326414,0.004857873,0.000011833,0.000251369,0.000091864,0
0.010287969,0.083670989,0.005757226,0.014993136,0.00115197,0.000579281,0.005210426,0.005207824,0.043677658,0.246347974,5.20973E-05,4.22761E-05,0.270811432,0.017534856,0.14082542,0.024322793,0.000158744,0.066822486,0.016783263,0.055172259,0.052460789,0.04379337,0.055154573,0.006598855,0.001220448,0.151615516,0.005862779,0.412433096,7.24924E-05,0.000598697,0.042274236,0.030944376,0.236739757,0.000129957,0.015420981,0.000710098,0.000375085,0.012437273,0.030764237,0.503002467,0.000204917,0.000251005,0.112604543,0.000294694,0.000832822,0.009959852,0,0.043467776,0.000254137,0.023061184,0.033051513,0.040431496,0.000522354,0.084017389,0.075844436,0.009796726,0.03637813,0.003834901,0.000922852,0.000239795,0.004848394,0.023033558,2.01442E-05,6.60652E-06,0,0.000196196,0.000791692,0.040709992,0.000112198,8.78486E-05,0.000253985,0.00389897,0.000131158,0.000248779,0.007382079,0.030396359,3.09394E-05,0.022699611,0
0.015260347,0.003623802,0.231668073,0.016761144,0.001605432,0.00290777,0.000356908,0.000421833,0.035845385,0.160837563,5.43579E-05,3.05542E-05,0.167492813,0.035320903,0.175193334,0.012590194,0.006469572,0.04640627,0.004358569,0.092652023,0.089306849,0.07589699,0.076128428,0.009449901,0.000513288,0.14693305,0.000713627,0.389420575,2.64561E-05,0.000500872,0.07432199,0.048327419,0.194455794,0.00015631,9.77068E-05,0.002061101,0.000780875,0.000838923,0.000244211,0.094807903,0.00045218,0.000449364,0.006866077,0.000151467,0.014698402,0.019661863,0,0.049374824,0.000155504,9.0944E-06,0.077432727,1.97986E-05,0.005140862,0,1.64406E-05,0.000938621,0,0,0.002436193,0,9.96282E-06,0.031279465,3.74179E-05,0,0,1.24671E-05,0,2.23483E-05,1.46836E-05,1.46391E-05,0.000469401,0.00001085,0.003754463,0.001459124,1.89878E-05,7.57498E-06,1.81282E-05,0.000119833,0
0.012689646,0.0010957,0.022333886,0.017715002,0.001658199,0.000640573,0.006566385,0.004970882,0.056119198,0.01410922,9.24421E-05,4.45117E-05,0.140329756,0.034235294,0.202369904,0.017029471,0.004015318,0.058062152,0.002301533,0.074525019,0.070022016,0.062486015,0.088143443,0.173564309,0.000997232,0.137184084,0.00511989,0.368984739,5.14689E-05,0.000467539,0.071231346,0.04956118,0.249117859,0.003664456,5.77134E-05,0.000669937,0.000309545,0.000657833,8.91882E-05,0.085775009,9.59826E-05,0.000101433,0.000555391,0.000167316,0.000655261,0.014252751,0.000208495,0.043028591,0.00038223,0.018589339,0.006398571,0.091142438,0.003365659,0.052901117,0.275774143,0.001362194,0.07628829,0.003220279,0.002974321,0.000805867,0.00181511,0.024494722,0.000013091,0.003444711,8.58283E-05,0.001231919,0.00017863,0.044298825,0.006634903,7.13896E-05,0.000274113,0.00664739,0.000083733,0.000100766,0.006238768,0.002849352,2.14337E-05,0.011849268,0
0.012097583,0.001080768,0.007689931,0.017015883,0.001100694,0.000671067,0.000466545,0.004864812,0.054103878,0.153409901,0.0001053,5.17143E-05,0.139409991,0.034561707,0.192371828,0.01528958,0.003642842,0.012314003,0.001912607,0.072344746,0.069628109,0.06200911,0.088718154,0.175744689,0.001012306,0.145593595,0.005730122,0.375411168,5.46147E-05,0.000586562,0.074696906,0.054353866,0.262132459,0.003786507,5.68214E-05,0.000738379,0.000338958,0.000665954,9.01353E-05,0.085173247,0.000109121,9.06298E-05,0.00410116,0.000204337,0.000712565,0.01635662,0.000166165,0.044261565,0.000320675,0.044307422,0.006496836,0.065277224,0.003601392,0.105051108,0.626082767,0.001435778,0.073735674,0.002347536,0.002925195,0.001759926,0.001886384,0.024036738,1.37943E-05,0.000235255,8.34635E-05,0.000395207,0.000513147,0.040583488,0.000122396,6.97372E-05,0.000281668,0.003773777,9.01318E-05,0.000114843,0.00416239,0.002519325,1.47476E-05,0.018487365,0
0.010627257,1.56236E-05,0.020669184,0.013798826,0.002327586,0.001411404,0.005606737,0.005780305,0.059486282,0.129777201,6.74626E-05,2.45865E-05,0.223917655,0.024514403,0.159168037,0.013980717,0.003190232,0.053491939,0.001430162,0.060826336,0.059399089,0.051212534,0.063551404,0.007512917,0.001154216,0.125030852,0.0005935,0.332938771,2.67143E-05,0.000432689,0.057312664,0.041714871,0.178162279,0.003332762,0.000258145,0.001751539,0.000148672,0.00042084,0.000281731,0.032791212,0.014758448,0.014692757,0.005352906,3.44888E-05,0.055024506,0.007748607,0,0.049892494,0.000175235,0.093116071,0.004354964,0.136707952,0.001669858,0.180233304,1.359413285,0.000673122,1.84572272,0.001850629,0.000391716,0.000821844,0.006330057,0.023686986,3.38109E-05,5.72814E-06,0,0.00036148,0.012785647,0.13093628,0.000101133,8.98417E-05,0.000530125,0.004313267,0.00013303,0.000996527,0.048671661,0.018363643,1.36249E-05,0.008097257,0
0.015050845,2.83371E-05,0.003808522,0.021904797,0.002768757,9.25028E-06,0.005948742,0.000396119,0.04564192,0.144257008,8.43751E-05,4.10216E-05,0.022648836,0.029294754,0.185250526,0.033271891,0.007410871,0.054174757,0.002376255,0.082464713,0.076746286,0.004734714,0.085225534,0.026695127,0.00051294,0.166039584,0.006493527,0.456468164,9.22979E-05,0.000481038,0.083250551,0.059407351,0.266602006,0.004403973,0.000162416,0.000736984,0.005293263,0.000590197,0.000109427,0.159377219,0.001087461,0.000935205,0.000272267,5.19709E-05,0.051810272,0.025788474,0.000119348,0.017275726,0.000219725,0.034042444,0.069505578,2.356384503,0.000921183,0.054508264,0.088451976,0.019406645,0.053001084,0.005410921,0.001591636,0.00129089,0.001733861,0.022130923,2.04049E-05,4.28663E-05,0.000023206,0.000315821,0.0125682,0.062752135,0.004520085,0.000101367,0.00065842,0.008636074,0.003490668,0.001351683,0.009491525,0.182834947,1.72105E-05,0.04490599,0
0.013074244,5.31936E-06,0.017094449,0.019466221,0.001144537,0.00127037,0.005258023,0.000328941,0.040976298,0.172338263,7.70507E-05,3.79093E-05,0.155766485,0.026649712,0.165396424,0.025010759,0.005139309,0.070720142,0.001606926,0.062811578,0.062413054,0.052884224,0.078189863,0.007911376,0.000500277,0.133551572,0.004863939,0.373517386,3.04478E-05,0.000497181,0.067243357,0.058713428,0.198693474,0.000109442,8.62282E-05,0.001831885,0.000102959,0.000207136,0.000178318,0.016607096,8.75891E-05,7.68761E-05,0.017906869,0.00048059,0.000177891,0.014855736,0,0.045046735,9.67709E-05,0.028621132,0.049533447,0.067823055,0.008016321,0.07249721,0.093054376,0.000580567,0.072658793,0.000641885,0.000904334,0.001220668,0.000702773,0.02549096,3.49922E-05,0.008710973,7.40773E-05,0.000866397,0.00031316,0.058954432,6.06681E-05,0.000256433,0.000489823,0.004413661,7.69927E-05,0.001318879,0.011513112,0.008798375,1.16363E-05,0.021984101,0
0.01138254,8.45299E-05,0.004488636,0.012721596,0.001028974,1.11509E-05,0.000291879,0.00637809,0.068981155,0.149975988,9.79407E-05,1.81795E-05,0.230328904,0.032341536,0.168113208,0.022233578,0.007219042,0.058938514,0.004313116,0.005382431,0.004945811,0.004232984,0.078720906,0.010250914,0.002875499,0.162677979,0.000979149,0.391204687,5.72966E-05,0.000425835,0.063664003,0.005112835,0.21756189,0.002198077,3.74678E-05,0.000732411,0.002363763,0.000912535,5.59607E-05,0.017450449,0.000338149,0.000294899,0.000161049,9.43723E-05,0.00089405,0.018466392,0,0.018550669,0.000188941,4.80529E-05,0.060374413,0.002612758,8.98376E-05,0.000103936,0.01174836,0.012934605,0.002227185,0.000238398,0.000230031,5.63437E-05,0.000639157,0.019538524,1.40271E-05,0.000246856,5.05364E-05,0,8.05935E-05,0.068031706,0.000290817,9.71425E-05,0.000406128,0.005019818,0.00427021,0.000115143,0.010348844,0.08680019,0.00023292,0.006063452,0
0.014587385,1.60634E-05,0.005070619,0.014106498,0.002014124,9.7506E-06,0.000483865,0.000427225,0.049079898,0.128062071,7.45503E-05,0.00003011,0.015259084,0.031902088,0.166230114,0.012127171,0.006716819,0.047236992,0.001392438,0.04433046,0.042870753,0.002995723,0.070598161,0.00939252,0.000240275,0.129420142,0.004636852,0.350404138,7.15271E-05,0.000438229,0.060323024,0.041890262,0.20102741,0.003845825,3.80212E-05,0.000759334,0.002065245,0.000453027,5.19108E-05,0.033880447,0.000431959,0.000486691,0.000125963,3.07497E-05,0.009251764,0.006534481,0,0.02038415,0.000166059,0.046737917,0.018004547,2.614210972,0.001544396,0.093824601,0.108112931,0.006592471,0.051186483,0.00727049,0.001136687,0.000105924,0.000531643,0.019456553,1.75858E-05,9.46165E-05,7.01218E-05,0.000160069,0.01153324,0.047072546,0.003940184,0.000183917,0.000594396,0.033836814,9.68921E-05,0.000117663,0.004642472,1.337897434,2.43419E-05,0.011801341,0
0.015097337,0.000360986,0.016926956,0.012497726,0.001006031,0.000877858,0.000338296,0.000408775,0.049299447,0.14463265,9.17369E-05,3.55803E-05,0.167060295,0.045954923,0.191551588,0.014599736,0.013199754,0.059155744,0.036203429,0.093955284,0.090262818,0.080104273,0.086307488,0.010267697,0.00108135,0.135070445,0.000678048,0.363970014,4.16266E-05,0.000534031,0.074771325,0.059349795,0.188420878,0.000134603,0.000108063,0.000718804,0.000235609,0.000532006,0.000159753,0.016375085,9.35142E-05,0.000105888,0.000275355,0.015007957,0.000519462,0.011992259,0,0.045121475,0.000187641,0.003966172,0.015192266,0.009420221,0.000309075,0.013873754,0.095368979,0.000310856,0.17506042,0.003438977,0.000406944,0.000177509,0,0.024715823,8.09606E-06,0,0,0.00017237,0.000130788,0.071836537,2.60018E-05,9.24311E-05,0.000429658,0.075439098,0.003971555,0.002336916,0.012583134,0.000125734,2.34917E-05,8.38921E-05,0
0.01185758,1.44073E-05,0.020238238,0.010925996,0.000896734,0.00177561,0.000249796,0.000315742,0.044126126,0.109655617,6.63156E-05,1.77855E-05,0.157344211,0.034413052,0.145932505,0.018456549,0.005228199,0.06231027,0.001233541,0.049278559,0.049191022,0.040497355,0.069185989,0.008011079,0.003645797,0.107172986,0.000563485,0.284761453,4.56592E-05,0.000381813,0.051220296,0.038122011,0.177918062,8.71443E-05,4.27699E-05,0.002041352,0.000140201,0.01258293,6.68763E-05,0.205026361,0.00982858,0.001580274,0.003230309,0.000118423,0.034205545,0.027239798,0.000221522,0.058560473,0.000228158,0.000191352,0.000173456,0.007027995,0.000169772,0.000214355,0.001504672,2.71552E-05,0.095972989,5.91539E-05,0.000266248,0.000114695,0.001725674,0.02911346,3.39769E-05,8.90629E-05,3.65101E-05,0.000118023,9.82859E-05,0.04831779,0.00239858,0.000119602,0.001093653,0.007637182,0.000577714,0.000957171,0.009277958,0.002823072,2.32154E-05,0.012141052,0
0.013552306,0.005027195,0.006447662,0.016727374,0.001280072,0.000820918,0.000334251,0.006943251,0.060081427,0.14424316,9.07622E-05,4.11857E-05,0.163340228,0.029216709,0.162820986,0.016861597,0.003139248,0.05778334,0.016547154,0.049796564,0.049260779,0.041792065,0.080896895,0.009335688,0.001020855,0.115471968,0.000569529,0.31163597,3.56776E-05,0.000470157,0.051703482,0.036527426,0.221579071,0.000164096,0.000175588,0.000738484,0.041174012,0.000735709,0.00049246,0.0844213,0.001275406,0.009554158,0.160655918,0.000263037,0.041950985,0.009578349,0.00020928,0.045748258,0.001867816,0.00826221,0.053067046,0.008763835,0.000345279,0.017079119,0.130377637,0.000500466,0.178908514,0.000531011,0.000788607,0.000442244,0.002460651,0.024833168,8.17077E-06,4.78034E-05,2.19556E-05,8.36252E-05,8.10737E-05,0.046054041,0.00063122,0.000087101,0.000447082,0.00254544,0.003025923,9.97025E-05,0.148846994,0.010508437,2.68657E-05,0.00018326,0
0.010453903,0.000014668,0.015015548,0.017390177,0.000807352,0.001734766,0.000267851,0.000342031,0.031092409,0.129839792,5.71086E-05,4.65755E-05,0.117959455,0.02267205,0.135610141,0.018161737,0.000177646,0.060667541,0.014586438,0.0484468,0.046232497,0.002921631,0.053269054,0.005692091,0.000408827,0.101104625,0.000443477,0.268526769,3.31248E-05,0.000373576,0.046669709,0.035893693,0.156450638,0.003413893,4.67772E-05,0.001877031,8.57871E-05,0.000138939,0.000116135,0.012008689,5.15825E-05,4.94512E-05,0.012794481,0.000377127,0.000166207,0.015717931,0,0.055149421,7.13907E-05,0.028256572,0.002660783,0.053269833,0.00076446,0.05054042,0.08186988,0.000222464,0.058044118,0.000326041,0.001446967,0.000702168,0.000900076,0.027116974,6.31554E-05,0.000180938,7.17998E-05,0.000756196,0.00672566,0.053474585,6.10767E-05,0.00010704,0.00079857,0.004217221,0.000090774,0.001435968,0.006761636,0.00789085,9.1053E-06,0.015064922,0
0.011084045,0.000825775,0.022260735,0.010844069,0.000824898,0.001673314,0.000277327,0.000449799,0.055737003,0.318751737,0.00018057,3.49481E-05,0.222828549,0.031058339,0.181554604,0.02541563,0.0069822,0.102226188,0.002067199,0.080745778,0.075977283,0.06630121,0.0791044,0.009298158,0.003966014,0.174839864,0.006483721,0.450726461,0.000073778,0.000365729,0.076986057,0.053482226,0.195060085,0.003061212,0.000102451,0.002198425,0.00091858,0.012897732,0.000189857,0.327548664,0.000217423,0.00026955,0.014675759,0.000282856,0.000981348,0.018901563,0.00028818,0.059767511,0.000209707,4.83672E-05,0.017367269,0.001207641,8.30281E-05,0.000038615,0.00026941,0.00025523,0.001738957,0,0.000526338,2.17444E-05,0.002673553,0.031083547,3.63592E-05,0,0,5.31966E-05,4.06362E-05,0.046806867,0.000390713,0.000152356,0.001074153,0.010737527,0.0042071,0.001467642,0.198606878,0.00214855,1.56332E-05,0.004215092,0
0.012686752,7.25832E-06,0.025457587,0.011574774,0.019207288,4.83611E-06,0.000271605,0.004337185,0.053693583,0.298895209,0.000170391,0.00028766,0.240472535,0.034406834,0.020351962,0.030273521,0.00746278,0.109044139,0.00217096,0.087365801,0.085057577,0.07189104,0.004269388,0.021412337,0.003979907,0.187315971,0.007546161,0.045874695,5.98526E-05,0.000478582,0.077698511,0.057835091,0.228615064,0.000132887,0.000106005,0.000123748,0.006806794,0.01371253,0.000182475,0.329614404,0.000227621,0.000226055,0.01401027,0.000327675,0.006322212,0.014929625,0.000655865,0.048736827,0.000285392,5.15141E-05,0.020487126,0.065414099,0.000118931,6.10856E-05,0.000457447,0.000309406,0.002010196,0,6.15001E-05,2.17054E-05,0.000461976,0.020641755,1.99088E-05,0,0,0.00137173,4.01627E-05,0.04057421,7.88669E-05,0.002419797,0.000412942,0.002348637,0.000328022,0.000100966,0.006352781,0.00231851,2.49204E-05,0.003904178,1
0.008375785,9.81792E-06,0.015359264,0.012551951,0.012647232,0,0.000277954,0.000298409,0.044130575,0.110650707,5.82977E-05,0.000119853,0.123419893,0.021106147,0.014675671,0.015462823,0.002544684,0.002557797,0.016612334,0.051312699,0.050409126,0.042490481,0.04159057,0.005542327,0.000115915,0.101725341,0.000501539,0.026834154,2.85459E-05,0.000656261,0.054336669,0.040003138,0.185779047,9.61958E-05,0.000138136,0.001989442,0.008626864,0.000616034,0.005781702,0.078459147,0.000846655,0.000926289,0.037306972,7.20459E-05,0.009151668,0.020740495,0.000498543,0.058095327,9.27913E-05,0.001354949,0.045237348,2.00993458,0.027802272,0.077958909,0.078024066,0.000556611,0.669263863,0.000227636,7.36018E-05,0.000118881,8.41653E-06,0.030055462,0.000396103,9.06465E-06,0,0.000260601,0.00708181,0.027874742,2.79675E-05,0.00010257,0.001169767,0.007786787,8.48791E-05,0.000524822,0.064225762,8.14585E-06,0.000109686,2.85189E-05,1
0.009470478,5.4089E-06,0.019757661,0.011868505,0.011363208,1.07876E-05,0.000420544,0.005799431,0.044563598,0.122079158,8.32501E-05,0.000241864,0.156407791,0.026575753,0.016660064,0.015956821,0.004341736,0.063207325,0.001785395,0.065258192,0.061970235,0.052101672,0.073729786,0.016796486,0.000208408,0.123417336,0.000594704,0.031710893,2.84412E-05,0.000412486,0.061552248,0.042826049,0.199210138,0.000107427,0.000298678,0.00212131,0.000125349,0.012159937,0.000681196,0.21994486,0.000215956,0.000224693,0.083930081,0.000384954,0.009247983,0.016625199,0.001352351,0.05916143,0.000135333,0.001080983,0.028957443,1.196235298,0.015959079,0.035371646,0.278598621,0.000304849,0.396166425,8.15828E-05,0.000137608,0.000745979,0.000428751,0.030272902,5.71919E-05,1.32279E-05,0,0.000152229,0.000194896,0.038584151,7.71557E-05,0.003460794,0.000911581,0.003749194,0.002618955,0.000104282,0.096347361,0.008550237,3.26036E-05,6.13508E-05,1
0.007255269,6.29598E-06,0.027422106,0.013323425,0.008313626,2.49261E-05,0.000558677,0.010567082,0.072258573,0.121827164,0.002915135,5.95992E-05,0.055035188,0.020605306,0.023675538,0.030736773,0.006341909,0.050828167,0.028315759,0.075776871,0.072997003,0.064693284,0.091150106,0.008344568,0.001403562,0.127665501,0.005203926,0.035512609,0.000058226,0.000595312,0.053295702,0.306174687,0.302433904,0.000180165,5.64277E-05,0.000819195,0.013348414,0.000762638,0.000073407,0.097816026,0.000139142,0.000154036,3.42013E-05,0.000650937,0.007346991,0.023729564,0.000106707,0.041524258,0.011320395,0.001201436,0.069061099,0.482816706,0.000969298,0.071978901,0.392211092,0.000870254,0.054790195,0.001664709,0.000580037,0.001146158,6.63535E-06,0.025915603,0.000188715,7.53215E-06,0,0.000382116,0.000459774,0.054204677,7.20145E-05,0.000115214,0.0003691,0.001177937,0.000180493,0.000109141,0.17695842,8.98778E-06,1.79512E-05,8.14616E-05,1
0.008176745,8.93175E-06,0.023025646,0.000888194,0.011385307,0,0.000497733,0.000430166,0.050672259,0.089045123,0.000219278,0.000205476,0.130126749,0.025299142,0.018406704,0.050540634,0.00788632,0.04604717,0.004371518,0.089176075,0.084534912,0.07414845,0.074415109,0.010961259,0.004064895,0.209777058,0.008490941,0.058424261,6.26993E-05,0.000509098,0.058295877,0.04449335,0.242872853,0.000149778,0.000324569,0.001205114,0.00964433,0.017080426,0.000632563,0.297838473,0.000168592,0.000180669,0.020390103,0.000108755,0.000518021,0.008100564,9.36041E-06,0.047993043,0.000220794,0.001084028,0.009586585,0.360459514,0.024011686,0.055681022,0.472520287,0.000244528,0.061899704,0.000664646,0.00020312,0.00077377,7.86433E-06,0.025388803,0.000170468,1.50971E-05,0,0.000443161,0.000271613,0.053559352,0,6.76643E-05,0.000211943,0.006761366,0.000247233,0.000117391,0.190863837,1.26392E-05,1.11709E-05,6.04383E-05,1
0.007014984,1.28126E-05,0.028349421,0.011343445,0.008616135,0,0.000151571,0.000419981,0.084243975,0.064663326,0.000181868,5.50802E-05,0.267060329,0.016021585,0.011624659,0.133146637,0.00308037,0.056821151,0.001814199,0.072431745,0.069317966,0.058407612,0.064235882,0.006103253,0.007672407,0.162810638,0.006135707,0.042644418,0.000060104,0.000545564,0.062087481,0.045632681,0.207916991,0.000117338,0.014041048,0.002459744,0.007443199,0.015628838,0.01384533,0.052316423,0.000249473,0.000245361,0.083540352,0.000426124,0.037588793,0.006494372,0.000137448,0.051888918,0.000395864,1.74018E-05,0.012853443,1.91932E-05,6.89358E-05,2.03918E-06,1.22825E-05,0.000174219,0,1.25325E-05,2.25835E-05,1.09312E-05,9.05831E-06,0.031087006,0.000016228,0,0,2.24858E-05,0,1.79887E-05,1.77855E-05,0.000140535,0.000617247,1.32161E-05,0.004358037,0.00011616,1.53963E-05,1.18379E-05,3.45332E-05,0.000104443,1
0.009577304,1.45792E-05,0.023228353,0.012428025,0.013523219,0,0.000301266,0.000334895,0.042271254,0.051385471,5.49308E-05,5.46388E-05,0.258558792,0.027184012,0.016804217,0.015620739,0.003672714,0.118005719,0.017494366,0.05756712,0.054072121,0.04664952,0.003860263,0.018238548,0.001952924,0.211553716,0.008885815,0.052054923,3.52185E-05,0.000480823,0.048857258,0.03610205,0.229391075,0.000120925,4.41102E-05,0.002053519,0.012172759,0.013485053,3.89265E-06,0.110522225,0.00010684,0.000106471,4.86731E-05,3.20198E-05,0.000685614,0.028995072,2.62945E-05,0.049393984,0.000245939,8.67694E-05,0.056730683,0.220686134,0.000147834,0.000117681,0.000931371,0.000466093,0.067218851,0,1.19395E-05,9.76599E-05,9.68492E-06,0.030825569,0.000024195,6.81839E-06,0,5.85436E-05,0.000116756,0.068387932,3.38793E-05,8.01393E-05,0.000446056,0.001203924,0.004325993,0.000114223,0.370655219,0,1.85232E-05,5.78811E-05,1
0.012032287,1.56277E-05,0.018425054,0.013481396,0.030181126,3.08298E-05,0.000290737,0.000219932,0.062682601,0.177169456,9.26273E-05,0.000259515,0.189449816,0.030670347,0.016713347,0.02660279,0.00774626,0.059347318,0.001651929,0.062159526,0.059181007,0.049841984,0.078517998,0.008316928,0.000903775,0.136435416,0.005387098,0.037941892,3.66574E-05,0.000550998,0.062918047,0.349195,0.216057005,4.02369E-05,0.000301555,0.00083729,0.000169822,0.000730153,0.000468795,0.023907966,0.000227527,0.000208574,0.030122998,0.000101994,0.011437293,0.011112159,2.76726E-05,0.043414213,0.000283474,0.000755121,9.71515E-05,2.846921066,0.025802082,0.049580202,0.064380885,2.93134E-05,0.029951606,0.002735767,2.98406E-05,0.00071001,7.32588E-06,0.023849972,0.000132164,8.42162E-06,3.29788E-06,0.000180731,0.000319481,0.051479486,7.16863E-05,0.000056785,0.000251615,0.000343327,7.80306E-05,0.000107329,0.16357042,9.38736E-06,1.73112E-05,8.54593E-05,1
0.009931318,1.73991E-05,0.035704436,0.011519079,0.028281648,0,0.005071619,0.003913645,0.072904914,0.020248941,8.22112E-05,0.000167301,0.223110068,0.034015427,0.021449265,0.022574682,0.006807711,0.071352561,0.00244508,0.087968715,0.082676235,0.07241619,0.081924026,0.008844162,0.002919055,0.184251224,0.007391616,0.048230507,6.08486E-05,0.00057835,0.077247268,0.058564801,0.240455341,0.000112611,3.50496E-05,0.001286093,0.000208518,0.013969422,0.000031279,0.314786739,8.76696E-05,0.000122439,6.14895E-05,0.000130303,0.00055181,0.010440149,0.000632994,0.048307887,0.000124954,0.000051395,0.065568037,0.001262326,0.000102187,0.000089793,0.013667803,0.000526356,0.002001633,0,6.99809E-06,4.70132E-05,0.00083042,0.026123048,2.50997E-05,5.31344E-05,0.000265617,2.78599E-05,0.001258134,0.041203476,1.60206E-05,0.002584579,2.78573E-05,0.001197611,0.000566099,0.000122865,0.184420932,0.003697912,4.60304E-05,7.32841E-05,1
0.009096143,0.000639751,0.025795984,0.019891401,0.018649142,0.002753754,0.000253528,0.000468841,0.044364943,0.227959508,9.51658E-05,5.54163E-05,0.300371998,0.031986141,0.011868692,0.035530504,0.008185476,0.014713708,0.003887047,0.108485705,0.100597403,0.088304712,0.057261935,0.005182504,0.000215002,0.163172667,0.006097635,0.428266182,0.000107752,0.000453988,0.047974983,0.034844361,0.242426335,0.004895889,0.000090297,1.06253E-05,0.002498,0.026706807,0.000249081,0.349091931,0.010400872,0.010329025,0.010225016,0.059999058,0.066998267,0.020543987,0.002170326,0.053239828,0.000113962,8.65524E-06,0.070726018,3.83348E-05,0.005141573,7.56832E-06,1.33945E-05,0.000903241,1.30278E-05,0.000020525,0.002844144,0,2.95503E-05,0.00207407,4.43132E-05,0,0,1.24534E-05,0,2.19241E-05,4.06964E-05,0.000147138,0.000319835,0.000015103,0.004593001,0.000117982,0.000019173,1.15125E-05,1.50404E-05,0.000128415,1
0.015388254,1.24549E-05,0.022422726,0.023463285,0.003213139,0.001233997,0.000460418,0.004869981,0.082725001,0.021564111,0.000173823,3.82921E-05,0.251653979,0.045544903,0.226349256,0.036068423,0.013392226,0.02046687,0.038004331,0.103557965,0.102663309,0.085122703,0.144869345,0.262290584,0.000741221,0.20638332,0.007705795,0.568823179,0.000107693,0.000531497,0.0816705,0.007145145,0.29800631,0.004288907,8.11471E-05,6.44424E-06,0.00069587,0.012638359,0.000130663,0.286709523,0.000474777,0.000519382,0.016735632,0.000806681,0.000555335,0.028428693,0.000307789,0.046838559,0.000559582,0.026784554,0.078035759,0.05056818,0.000552026,0.110743095,0.402193845,0.000702306,0.06767002,0.000491488,0.004944658,0.000845812,0.001571638,0.02716023,4.68944E-05,0.000163413,1.04461E-05,0.000200791,0,0.039587008,5.10968E-05,0.001362469,0.000542329,0.002443721,0.000121168,0.000211417,0.004757721,0.003536627,2.83746E-05,0.000102512,1
0.008405067,7.35612E-05,0.004299803,0.013740761,0.000793569,1.39011E-05,0.000306078,0.000348628,0.068418243,0.165031884,8.10502E-05,2.85498E-05,0.012951174,0.021128963,0.106523081,0.01416058,0.00178403,0.002726681,0.011852415,0.003134066,0.002836716,0.00243889,0.052799972,0.006123363,0.000167683,0.094536899,0.00043754,0.248863032,0.000486485,0.000397653,0.046301557,0.035067092,0.212755837,0.004409097,0.000230164,0.00067763,0.005732944,0.000383718,0.000150495,0.000598504,5.59347E-05,4.51628E-05,0.000398196,0.000106891,0.00037049,0.005653857,0,0.017545666,0.000100064,0,1.04077E-05,4.90776E-05,5.48821E-05,0,1.99444E-05,0,0.000055544,0,6.97753E-05,0,0,0.021012294,0.000014339,0,0,0,2.22067E-05,0.045552413,4.78841E-05,6.22359E-05,0.0002924,0.001410133,6.87103E-05,0.000103574,0.006528328,8.14419E-06,1.65445E-05,0.000051043,1
0.011184173,3.30944E-05,0.004496144,0.015837169,0.001226044,9.10441E-06,0.000352027,0.00458105,0.060732343,0.191560124,0.000104875,0.000039986,0.241590218,0.026798498,0.159030431,0.022050776,0.000267875,0.004326663,0.002282583,0.067870477,0.064837702,0.003642509,0.060212904,0.00904879,0.000266022,0.193263815,0.007267543,0.509843428,5.76305E-05,0.000465335,0.047304079,0.034740194,0.215740694,0.003837161,0.000747576,0.00046366,0.000182355,0.023330029,0.012981559,0.7515118,9.61665E-05,8.44358E-05,0.050070892,0.000244029,0.000275315,0.008352092,0.000694857,0.018388839,8.99633E-05,0.061891848,0.004662098,3.772799043,0.000898959,0.074268475,0.147731227,0.000590049,0.043354141,0.013482137,0.001636208,0.000241808,0.003355701,0.018473697,8.57832E-06,1.57592E-05,1.20272E-05,8.65095E-05,0.000427844,0.031195686,3.25153E-05,0.000105301,0.000337749,0.01127776,0.000169195,0.001392107,0.003407732,0.384468398,2.26391E-05,0.010962982,1
0.011604028,0.000103325,0.004671626,0.012134641,0.001134017,9.91106E-06,0.000302138,0.003264826,0.042429457,0.098279665,0.000106005,0.000029858,0.168979968,0.035333864,0.172267106,0.002366552,0.009491632,0.046470294,0.002326546,0.083568448,0.078726441,0.004561754,0.094466607,0.026932595,0.000775817,0.195899962,0.007843591,0.488845501,5.85943E-05,0.000555461,0.06186134,0.046195442,0.210312171,0.000205269,7.46846E-06,0.000660033,0.000323743,0.009598473,5.88305E-06,0.01319683,0.000425449,0.00042042,2.52762E-05,3.93978E-05,0.019426831,0.011917698,0,0.018301779,0.000271448,0.016028658,0.018196026,0.029945926,0.00058248,0.047870028,0.042964595,0.007556666,0.036115068,0.00246082,0.000572314,0.000644515,0.004943364,0.019008068,1.42409E-05,4.99471E-06,0,4.21578E-05,0.000205851,0.030939688,0.00184928,0.000143313,0.000292248,0.004366505,0.000117249,0.001516173,0.003721949,0.034154514,3.34472E-05,0.018339183,1
0.023180277,0.029668475,0.002966895,0.025004733,0.002115268,7.25291E-06,0.006742409,0.000454121,0.081921274,0.014507279,0.00348216,4.67802E-05,0.320641856,0.089001831,0.293328838,0.027303509,0.018071273,0.096233891,0.056351686,0.142416264,0.136341676,0.007963225,0.145255009,0.019724469,0.000225747,0.370566639,0.016247148,0.953083322,0.000475974,0.000337429,0.152019174,0.110201526,0.267764427,0.004610872,0.00013344,0.000638036,0.029621798,0.000234954,0.000153942,0.000428306,0.000567471,0.000608861,0.009923006,0.000233604,0.018059381,0.009889585,0,0.018035527,0.000536506,0.000012834,0.076378331,0.011632652,0.000156565,0.000098357,0.000115017,0.000990313,0.000397465,0.000105804,0.001107971,2.45764E-05,0.001142877,0.025119465,1.06263E-05,7.31188E-05,0.000132109,0,0,0.020936074,9.49125E-05,0.000282644,0.000265044,0.002438781,0.009936668,0.000113193,0.001670711,0.185814813,2.45312E-05,0.990752041,1
0.014651851,0.001005185,0.004022413,0.014576915,0.00112979,1.01849E-05,0.00583578,0.007256626,0.064087097,0.157423959,0.000126436,0.000025236,0.019978329,0.033076196,0.191801104,0.018046067,0.005040914,0.056321538,0.001642723,0.067163415,0.061976023,0.003571666,0.004554488,0.020130796,0.004178312,0.123226549,0.004602142,0.329864988,6.75621E-05,0.000413634,0.076019641,0.053557664,0.215829941,0.003968661,8.34401E-05,0.000517695,0.000302455,0.000703789,0.000203344,0.065419832,0.011741164,0.012699274,0.016460429,0.000112229,0.217881493,0.009307286,0,0.019012184,0.000242671,0.029555467,0.019289773,3.855400591,0.001220029,0.075274302,0.081751302,0.000381336,0.055795828,0.007191668,0.001063246,0.004943415,0,0.020151141,0.000014261,8.01582E-06,0,0.000242295,0.000225947,0.037598497,7.14371E-05,3.31601E-05,0.000664377,0.001338615,6.49364E-05,0.001381759,0.005616901,5.64479E-06,1.61619E-05,5.99634E-05,1
0.00694152,0.000216534,0.01140764,0.022794401,0.018949254,0.001326158,0.00019887,0.003997223,0.03842079,0.084749829,6.13944E-05,1.86198E-05,0.007244305,0.014381602,0.059846146,0.001569738,9.95418E-05,0.013237222,0.000507682,0.013110739,0.013227125,0.011460571,0.028060511,0.003352936,0.000181221,0.05406062,0.000198532,0.14063563,0.000037862,0.000473558,0.016861082,0.014170654,0.186231964,0.000171711,2.80915E-05,0.00124985,0.029231822,0.012925471,7.26615E-06,0.261081062,4.65682E-05,5.14721E-05,3.37014E-05,2.54598E-05,0.000268615,0.083777961,0,0.014618288,0.000178683,6.42602E-06,0.008610005,4.76271E-05,8.99383E-05,0,4.03227E-05,0.003951593,5.42066E-05,0,0.000153727,2.27997E-05,0.005101693,0.022608632,6.46621E-05,0,0,0,0,0.061377915,2.62222E-05,0.000140741,0.000018859,3.776796192,0.005838387,0.000837038,0.2265369,0.00729428,6.64767E-06,0.005078784,1
0.014091049,0.000026599,0.003741821,0.019615102,0.035281141,0,0.004140654,0.000389433,0.057255715,0.148856003,0.000128177,0.000096418,0.027909268,0.038868025,0.073988828,0.03900539,0.007981313,0.003122952,0.034189512,0.085202322,0.080310713,0.070166343,0.004303415,0.010346783,0.001081128,0.189672993,0.006847171,0.047666755,0.000504106,0.000451811,0.058605259,0.037928445,0.238145621,0.000161265,8.90771E-05,0.000441339,0.006394711,0.013885552,0.000109296,0.325963379,0.000251819,0.000257114,0.000142685,0.000140165,0.000470087,0.013715995,0.000830358,0.017472044,0.005779521,0.000109796,0.009544249,0.500595482,0.000232303,0.000188247,0.042185434,0.031435548,0.003643725,0.00083178,0.000253283,0.004069638,0.002115262,0.016945339,0,6.7419E-06,7.23343E-06,0.002223125,5.37712E-05,0.054424827,0.000139182,0.003094356,0.000308632,0.028199064,6.72788E-05,9.98872E-05,0.273146387,0.002000673,1.47766E-05,0.598817716,1
0.012559832,8.67863E-06,0.032112265,0.015820604,0.025125292,0.000120647,0.000357057,0.000367145,0.057565325,0.019485004,9.88981E-05,0.000276708,0.23544487,0.033249188,0.02066079,0.014976066,0.010614801,0.051628074,0.002359799,0.10032638,0.09822352,0.082795282,0.102759492,0.024056773,0.003223699,0.171982697,0.007313527,0.044981857,7.93943E-05,0.000556297,0.068735297,0.055360482,0.214182654,0.000255912,8.47072E-05,0.001806103,0.000920166,0.02554403,0.000272552,0.166556048,0.00066418,0.000704535,0.04146346,0.000353993,0.064853478,0.014425619,0.000244281,0.050788914,0.00041676,0.000850516,0.101121865,1.359304974,0.020860479,0.028032412,0.041378442,0.001735741,0.035158184,0.00013634,0.000483645,0.000341618,8.03168E-06,0.028973532,7.09297E-05,7.13329E-06,0,0.000204988,0.002381877,0.032954123,5.19717E-05,5.08008E-05,0.00076361,0.001882658,0.002492346,0.000108131,0.092567008,0,1.81573E-05,2.50161E-05,1
0.010588752,0.00149956,0.003612961,0.020223927,0.015589198,1.09339E-05,0.000528383,0.005777212,0.053035272,0.140864328,9.47248E-05,6.68195E-05,0.02424859,0.022990598,0.023604444,0.027208251,0.007516916,0.054087234,0.028804717,0.00548174,0.004878134,0.004110457,0.005784669,0.00961632,0.025283741,0.190490507,0.007220604,0.508755117,6.73307E-05,0.000408463,0.064729408,0.045997694,0.30465025,0.005404703,0.000463768,7.82785E-06,0.006083485,0.000587315,0.000537202,0.032692733,0.000140541,0.000139028,0.005173463,0.00052495,0.000299783,0.020645486,0.000659553,0.019797857,0.000207988,0.000181476,0.072601668,0.010131157,0.000156711,0.000450215,0.002304186,0.0012649,0.010577708,0.000845138,0.000271401,0.008053171,0.000828737,0.001303594,2.35875E-05,0.000149095,0.000151794,5.48026E-05,0.011810809,0.028940544,0.008166364,0.003177046,9.86234E-05,0.00702874,0.000161933,0.000118092,0.003472494,0.00618184,3.65015E-05,0.000229284,1
0.010783299,2.23792E-05,0.023840281,0.014678085,0.000794354,0.001371339,0.000362452,0.006427711,0.04511134,0.126750103,7.58852E-05,2.42387E-05,0.176453202,0.030941591,0.166829385,0.014528386,0.005682385,0.061392251,0.0018241,0.071292591,0.066841215,0.058315129,0.08004055,0.00724935,0.000264158,0.128806595,0.000641582,0.338321815,3.17287E-05,0.000417882,0.062559287,0.044776899,0.222967228,0.003710194,0.000264374,0.002451179,0.000126165,0.012804538,0.000665048,0.201325994,0.000205003,0.00020098,0.081407489,0.000348792,0.008294292,0.009516903,0.000143443,0.050093277,0.000171701,0.026307098,0.027137429,0.040970586,0.000506511,0.048357451,0.37961693,0.000273344,0.398048704,0.000324555,0.001056711,0.000174426,1.11788E-05,0.027780382,2.15371E-05,0,0,0,0.002955828,0.036675289,5.12955E-05,1.52073E-05,0.00050703,0.014487576,0.002875582,0.000101155,0.004249552,4.48116E-05,2.07952E-05,0.000052537,1
