0.020721359,2.506079226,0.253590755,0.238659929,0.032903556,0.052890059,0.248239303,0.001969614,0.029573792,0.166514474,3.038101288,0.194525655,0.390048199,0.192186114,0.01457173,0.018613855,0.302713635,0.185216645,0.019871525,0.656123176,0.093594588,0.069143959,0.020577637,0.088182731,0.100353681,0.093493358,0.079331131,0.048325953,0.061220928,0.5751507,0.062238228,0.115159948,7.661729161,0.077572309,0.129618366,0.668702379,0.218407229,0.522178573,0.676402121,0.407117773,0.142812866,1.239172745,1
0.039835477,3.099665166,0.519935589,0.334058369,0.030858092,0.020738664,0.029751749,0.031886645,0.016363274,0.246890666,12.96815883,0.273830336,0.257278412,0.725778837,0.018887118,0.061020586,0.198025193,0.254534351,0.014934875,0.849189033,0.135634456,0.231085448,0.048468257,0.183280847,0.283623573,0.148457734,0.125438742,0.028873515,0.053056347,0.034332699,0.103855664,0.164027704,8.762527151,0.021117466,0.175259487,0.338473217,0.926372594,0.205432128,0.328505611,0.226423326,0.055715478,1.032525498,1
0.064096,4.313879,0.532228,0.290066,0.094365,0.034626,0.031681,0.02541,0.030941,0.165385,3.435164,0.232073,2.421726,0.224953,0.020803,0.020729,0.262334,0.274899,0.021113,0.659195,0.032189,0.083476,0.024455,0.084352,0.150933,0.113517,0.178377,0.066687,0.028113,0.292751,0.982513,0.111457,9.309359,0.070478,0.157191,0.382423,0.195902,0.208826,0.221531,0.259845,0.092319,1.79317,1
0.056947828,3.26713133,0.498797574,0.187687955,0.125578268,0.049021685,0.054993381,0.032200665,0.044777212,0.288377955,4.465233567,0.363766479,0.318611235,0.224951422,0.012681668,0.010702558,0.194093883,0.224109239,0.029379776,0.743689692,0.036627079,0.142922468,0.026875464,0.124889319,0.125873821,0.115618837,0.242583897,0.024295546,0.029951474,0.145195918,0.114351721,0.227008564,11.53657128,0.030285032,0.227874602,0.462669417,0.061874781,0.303044797,0.31627633,0.31485881,0.125497406,1.711376223,1
0.075230314,3.037903944,0.527571717,0.18665691,0.070419241,0.102327092,0.024215659,0.018765979,0.033337006,0.244809955,0.02860335,0.221986831,0.384215428,0.188085423,0.011870119,0.008700856,0.156847981,0.109112449,0.008643677,0.512531693,0.03624832,0.047677068,0.019208314,0.076097316,0.101493498,0.076204286,0.096856211,0.066901444,0.062966046,0.312271946,0.054004029,0.188192714,8.461325584,0.064124082,0.204958711,0.673597755,0.175023538,0.57514567,0.396328397,0.435574764,0.119909336,1.629589785,1
0.052615627,4.066962474,0.723220874,0.257818377,0.058454943,0.028409552,0.025232138,0.014024369,0.023710859,0.25762895,1.74586643,0.215872005,0.276469729,0.549230295,0.021565822,0.021363767,0.174413182,0.175880791,0.020384158,0.675598003,0.055861145,0.043906041,0.010248907,0.017508475,0.070425381,0.088097575,0.007688033,0,0.022968936,0.211622073,0.071411304,0.113715784,8.414786227,0,0,0.25469283,0.052923672,0.120950545,0.211590502,0.129575792,0.011930298,1.526499045,1
0.070748482,4.838829885,0.88113438,0.287725679,0.064499845,0.099051653,0.047526427,0.028330622,0.025425191,0.326683759,2.475137357,0.30072953,0.337733664,0.321481434,0.015901796,0.021169359,0.272194281,0.185421726,0.015579168,0.465231087,0.065884827,0.051012231,0.037897866,0.207911897,0.135248327,0.085701645,0.12463691,0.041399712,0.045424179,0.681155912,0.072625425,0.075803574,7.811566965,0.021702318,0.151624617,0.702620805,0.442075697,0.32305001,0.419396583,0.439539238,0.161086695,1.208497618,1
0.084727462,3.898770065,0.19672069,0.039897492,0.167628426,0.044381732,0.037634561,0.031222869,0.071803123,0.136079707,3.730373143,0.19569344,0.301806773,0.075121572,0.00934931,0.010058476,0.111587858,0.122949422,0.02836881,0.465954912,0.034274177,0.047554185,0.008324856,0.033654161,0.091144435,0.085924937,0.061128981,0.033895209,0.049612102,0.132788283,0.052222938,0.082155765,7.476150997,0.074318597,0.169402738,0.79800452,0.124928439,0.427741339,0.374561664,0.472331193,0.180077813,1.487628426,1
0.084417191,4.807597789,1.073118359,0.307485526,0.092204883,0.035209823,0.064057764,0.059053587,0.02985897,0.435724081,2.684473696,0.412703727,0.431732691,0.327260568,0.034639938,0.01204535,0.20631144,0.135523149,0.024610055,0.640100901,0.111165302,0.063260276,0.013610006,0.091960583,0.09037967,0.081304135,0.15125803,0.02233535,0.063865312,0.231427229,0.051279077,0.078293457,8.630611464,0.073558185,0.162449212,0.619400509,0.358349382,0.369741803,0.324073256,0.393085985,0.120035643,1.62160008,1
0.104837,4.460419,0.45462,0.073229,0.061737,0.148097,0.049832,0.01131,0.023663,0.223999,1.133691,0.182422,0.276197,0.21956,0.013195,0.010982,0.196153,0.152981,0.023476,0.606603,0.038102,0.04641,0.018961,0.035753,0.114458,0.079032,0.014829,0.021331,0.064191,0.280537,0.064019,0.164805,8.553657,0.071133,0.166533,0.667915,0.28459,0.425868,0.472649,0.311038,0.12613,1.484976,1
0.084199977,3.605966834,0.407373971,0.112935844,0.053588609,0.035866044,0.021806944,0.030682134,0.023593681,0.255608096,4.269646334,0.191874601,0.30505424,0.203427851,0.008247705,0.008955364,0.136253007,0.161666967,0.036520935,0.633046452,0.07645745,0.080546738,0.010227105,0.037412668,0.081745668,0.084283833,0.031298575,0.018418362,0.07401664,0.19523455,0.046912888,0.08024854,8.185795687,0.07406859,0.204520019,0.665789797,0.310765826,0.270919302,0.294317866,0.53503117,0.133583946,1.508527905,1
0.071170417,3.935692247,0.250164914,0.095033088,0.08799875,0.054400023,0.06616226,0.016115887,0.071676855,0.154225817,4.848848433,0.198104377,0.525005805,0.08437686,0.016813741,0.013648075,0.146252852,0.284879092,0.01805151,0.535841861,0.07105282,0.074156255,0.06750475,0.037427484,0.085746389,0.09380519,0.042017615,0.015724899,0.050481567,0.284994543,0.045518904,0.109304768,9.473606212,0.131386752,0.240937013,0.572479645,0.109578588,0.331763662,0.414503611,0.330054219,0.116714213,1.605961204,1
0.083614554,3.534185969,0.088965146,0.059978704,0.075864473,0.09039801,0.046028558,0.013036642,0.037647656,0.040304691,2.792146521,0.166714018,0.223034911,0.035829185,0.011249001,0.009853133,0.027443066,0.034221778,0.046987595,0.512005749,0.021061344,0.054836331,0.007391035,0.017438157,0.049592931,0.055704302,0.050232289,0,0.041667358,0.235980962,0.065290403,0.124176317,9.264271604,0.045540502,0.167930126,0.45718839,0.054141479,0.294541979,0.372049432,0.294912408,0.108002172,1.594697787,1
0.095021603,4.572892023,0.510003339,0.354759833,0.087587906,0.025678205,0.043131938,0.017107673,0.026760905,0.318391735,4.326892448,0.291358637,0.382646949,0.220855637,0.014987301,0.012685804,0.227969583,0.18161383,0,0.714292147,0.068281947,0.075115606,0.032905987,0.108594311,0.12838192,0.138017951,0.12974339,0.021380291,0.058373218,0.352363221,0.035852044,0.122258087,9.614291641,0.096568751,0.177633137,0.522399749,0.293372257,0.320415979,0.429507119,0.33309976,0.099378206,1.462364536,1
0.021499195,2.450094322,0.225442127,0.156602672,0.161968296,0.051326266,0.469557775,0.012698167,0.046976358,0.164344402,3.699558051,0.195891502,0.331618659,0.141013133,0.013203995,0.014122238,0.223345343,0.185111587,0.037384394,0.601810163,0.040262622,0.103327049,0.055823465,0.098713166,0.072185317,0.091458962,0.179441981,0.031124711,0.079330907,0.195788598,0.055554656,0.226320725,7.872248441,0.028925162,0.235784015,0.60042219,0.099704786,0.577163714,0.78335633,0.299085986,0.066642441,1.636215092,1
0.084342529,2.516499913,0.275759104,0.17962583,0.100225381,0.030122176,0.089084137,0.024514542,0.047603429,0.251631358,4.293999339,0.199399423,0.241583474,0.130046322,0.008521807,0.008664997,0.148731157,0.149953069,0.031011499,0.504372482,0.06755062,0.070053071,0.079354769,0.051816256,0.074364059,0.06623448,0.099308704,0.020379179,0.025217326,0.086298853,0.027679645,0.131651701,9.508655398,0.052779878,0.189992561,0.529768478,0.215295643,0.361833102,0.303102239,0.283031526,0.11086156,1.394434757,1
0.037826352,2.55903808,0.386007289,0.127462933,0.08289525,0.044930289,0.097131505,0.020775468,0.041316376,0.276803765,2.722405477,0.251706509,0.437501211,0.298438663,0.011825007,0.007050069,0.207247896,0.252911355,0.032004814,0.982043856,0.066894902,0.06741866,0.016166854,0.058999772,0.042030833,0.098892874,0.020718497,0.014474866,0.0581154,0.141017465,0.108277913,0.242445759,10.22069142,0.066780461,0.207482378,0.707947993,0.190178225,0.507054963,0.667308653,0.381073541,0.108495324,1.751813035,1
0.041598702,2.167545073,0.338371735,0.157606643,0.136131874,0.06661837,0.093479985,0.015179607,0.039007532,0.215024462,2.98591201,0.203059356,0.405287995,0.250600385,0.011591779,0.008633036,0.227974296,0.192594318,0,0.641660927,0.061599087,0.106052926,0.040474315,0.079061204,0.100234417,0.078382569,0.090122536,0.052622517,0.051426833,0.114988669,0.082398273,0.250162756,12.83353827,0.07841073,0.376139295,0.712282274,0.198314687,0.500200926,0.685841992,0.395500129,0.163065999,1.636453141,1
0.093785549,4.275169965,0.446069815,0.117975365,0.067920545,0.039035662,0.064357669,0.008910553,0.013753175,0.233688787,1.238966185,0.166765723,0.483064661,0.23192152,0.014285145,0.007890646,0.205444851,0.150544471,0.022038775,0.451629077,0.06616053,0.079465467,0.01605673,0.054265409,0.098886172,0.095491942,0.031957584,0.077890473,0.051619901,0.386167466,0.039680301,0.100130031,8.02473325,0.071301153,0.213616205,0.855172947,0.47487177,0.521236023,0.596155744,0.431122162,0.150608115,2.00070573,1
0.096749777,4.021359862,0.213132962,0.112437076,0.077509943,0.031437022,0.073239555,0.013097291,0.041223507,0.081368833,4.040169446,0.161127456,0.247262473,0.049094848,0.025209028,0.007194709,0.050672653,0.118806168,0,0.551702952,0.033267593,0.053197357,0.008548784,0,0.040420613,0.049241707,0,0.016912234,0.046261236,0.096424975,0.034740999,0.121890289,8.271796985,0.014694995,0.182046929,0.668947745,0.071736165,0.194674004,0.353814723,0.374093869,0.051713189,1.644557638,1
0.099349783,3.680604421,0.446833397,0.279622781,0.036385615,0.048194989,0.101952731,0.012042768,0.015987386,0.259187057,2.702577862,0.278520837,0.395300995,0.185803865,0.01180296,0.014458332,0.231520254,0.222322522,0,0.638371237,0.044820572,0.115746821,0.014569982,0.150142263,0.106146254,0.10253792,0.190152522,0.021729784,0.088113438,0.373037412,0.074819005,0.208055689,10.87143122,0.08450585,0.21392816,0.741095816,0.46566809,0.597247054,0.462249621,0.539181136,0.11464412,1.804849162,1
0.029585338,2.94776693,0.314212593,0.265027902,0.130644846,0.082887734,0.198941925,0.011422444,0.030141991,0.31112484,2.538385274,0.260970897,0.466569638,0.322850809,0.014923084,0.008491363,0.260701639,0.210833316,0.016284502,0.682429493,0.167201089,0.098581777,0.042898199,0.066454721,0.065143443,0.080551472,0.05979953,0.030758879,0.067047802,0.382974131,0.041775857,0.15759347,8.412352377,0.046051784,0.184797107,0.721638514,0.302702837,0.51995573,0.681116047,0.426392242,0.135300024,1.108154498,1
0.046689009,2.520973511,0.245875005,0.106065033,0.134625738,0.048977745,0.101341339,0.029320111,0.058666689,0.181762896,5.163415059,0.191154817,0.354368297,0.09287987,0.01223274,0.022295669,0.181110696,0.153141397,0.009934029,0.52812139,0.04298756,0.095208977,0.036047094,0.066891747,0.078287615,0.103508962,0.071354298,0.012894505,0.050817517,0.139700676,0.124874563,0.25683748,9.4831717,0.065069771,0.227412518,0.737852625,0.160651132,0.466027663,0.640219555,0.294676672,0.076981948,1.097216809,1
0.078906212,3.866714869,0.492059575,0.382163297,0.074235163,0.030555713,0.041473536,0.011070702,0.036656057,0.090918381,2.189112259,0.183245464,0.477554695,0.146788941,0.027295136,0.015129777,0.234199504,0.325317352,0.013979258,0.571653511,0.060808351,0.143597863,0.018255728,0.074154837,0.057813094,0.090691094,0.062274132,0.015764545,0.070461393,0.117466349,0.044062546,0.088178334,8.669818881,0.052489517,0.186234059,1.132285033,0.148807665,0.511495184,0.661558719,0.577900108,0.087395561,2.360087615,1
0.040593594,3.184032471,0.06924889,0.042809695,0.193672379,0.055742113,0.087770683,0.065964161,0.069075058,0.062700057,3.13604634,0.162338823,0.233892051,0.019214408,0.011845535,0.011115856,0.012498405,0.008255898,0.019298938,0.513708618,0.021011462,0.05329017,0.012638817,0.011680135,0.047112608,0.064663643,0.025761859,0.002981594,0.0438632,0.108927861,0.08600997,0.180733095,7.233538899,0.043597703,0.095395498,0.500812572,0.060959358,0.307816832,0.531126349,0.259931245,0.074450358,1.496391727,1
0.057027057,3.278195894,0.238097739,0.151540441,0.144633203,0.050620419,0.487856227,0.027121846,0.0575795,0.326704104,7.612843241,0.305812129,0.197247676,0.12420731,0.005845365,0.007285609,0.171784858,0.175913302,0.011654306,0.594418849,0.031347423,0.091695264,0.012683073,0.116288758,0.108493789,0.11192797,0.188953961,0.009339945,0.049481705,0.025541533,0.046002043,0.353317172,13.69747236,0.050560388,0.316207523,1.133371754,0.110319395,0.537853216,0.949714967,0.478675763,0.069838767,1.703242627,1
0.041870314,4.171319595,0.476501028,0.1558023,0.065054839,0.02194126,0.081104972,0.020026734,0.028289946,0.206401324,2.725820734,0.210979957,0.326440621,0.222602111,0.016587142,0.006715435,0.184745549,0.214032904,0.013904634,0.723055944,0.037595256,0.063183649,0.063487809,0.050049132,0.058884305,0.089228468,0.037535204,0.022291882,0.044789247,0.579599165,0.08409812,0.078458361,8.360902516,0.055942573,0.144016567,0.560442144,0.110929254,0.496577315,0.660290892,0.260772941,0.040604343,1.830880885,1
0.097861984,3.504901174,0.394139148,0.148120016,0.054548204,0.05764234,0.068085987,0.006894246,0.032689145,0.105421031,2.038175651,0.083772157,0.317144917,0.11828593,0.007143705,0.013411536,0.153867576,0.179854692,0.009794723,0.683075986,0.045735633,0.095601368,0.017136194,0.07709061,0.058261885,0.072785366,0.084298739,0.026507639,0.052768294,0.147406652,0.016064415,0.156217439,8.720393397,0.011686112,0.164124859,0.864439196,0.165471264,0.475232069,0.669007264,0.437450706,0.089030747,1.133384473,1
0.045636326,2.968818757,0.389448932,0.229290409,0.066692687,0.039515778,0.096740892,0.009448208,0.028375459,0.337298682,3.783805881,0.296942374,0.304257787,0.267741006,0.009857072,0.01117833,0.239728873,0.260025745,0.021760484,0.718914857,0.049650041,0.086610393,0.010990262,0.146311801,0.100603052,0.088260529,0.185874267,0.017327526,0.040543016,0.524005525,0.040622948,0.19072809,10.1990936,0.085664058,0.27287804,0.613706051,0.215961472,0.534726483,0.748273352,0.329237938,0.101398678,1.215441459,1
0.086813701,3.706906439,0.43182095,0.167412184,0.051089276,0.046565047,0.0643458,0.012012618,0.01388155,0.232331917,2.875855469,0.194113714,0.330546919,0.281751829,0.014054713,0.008981522,0.152059533,0.112226613,0.020692,0.702420563,0.052735012,0.090520162,0.022712553,0.072458844,0.048389171,0.075887767,0.06523929,0.015014626,0.060853354,0.167852844,0.039928049,0.111064186,8.250851905,0.050056972,0.168318944,0.637761958,0.250570156,0.431818236,0.471673259,0.399498467,0.097485119,1.580632382,1
0.025883802,1.666895401,0.233389024,0.142420615,0.072109445,0.04334373,0.059364258,0.017179149,0.024832938,0.233571618,2.748865587,0.206710546,0.276331317,0.211148133,0.006332957,0.00568792,0.137945237,0.173481711,0,0.696484294,0.040320394,0.06372991,0.018282428,0.08392849,0.031028555,0.067498628,0.093828055,0.013673706,0.035095809,0.226548725,0.026527298,0.127953705,8.123206136,0.050756018,0.156109031,0.635556229,0.144622976,0.496572665,0.620332102,0.271263689,0.064054914,1.493776148,1
0.027960347,2.732156965,0.358062813,0.210977955,0.023115171,0.076935814,0.054259683,0.009087235,0.017330852,0.150797221,2.186906785,0.163233075,0.343620561,0.179364433,0.014596591,0.017318116,0.263379958,0.178423418,0.026416214,0.659444479,0.0521188,0.05932925,0.022730448,0.062481574,0.080859455,0.096267821,0.053401832,0.041922352,0.059747312,0.628989245,0.04297912,0.153548715,8.159165209,0.078211728,0.149536666,0.523782534,0.304100569,0.401191777,0.47903564,0.313081789,0.089418867,1.483892055,0
0.026590701,3.467281192,0.362164171,0.214078796,0.100891999,0.027589342,0.114573007,0.020466765,0.030809119,0.477038195,5.644498538,0.383381394,0.364679719,0.223274432,0.014384193,0.007281776,0.268839671,0.250047621,0.010393798,0.725143105,0.047302868,0.105573762,0.027617498,0.097090696,0.138164307,0.143838454,0.124226774,0.024486011,0.041223772,0.33484352,0.047358483,0.260476178,8.29045941,0.119421268,0.227508144,0.515439493,0.223940077,0.301530324,0.486120168,0.32666599,0.182867509,1.675612845,0
0.029711752,2.966611187,0.187909683,0.155463882,0.084428968,0.027275637,0.246928058,0.015025252,0.034970037,0.137300215,1.661730984,0.136784458,0.389539202,0.088428378,0.010722568,0.008889569,0.254887584,0.220256681,0.018535226,0.688852123,0.045308457,0.05748598,0.035618167,0.067378834,0.120462946,0.117421045,0.084323299,0.030917221,0.039022853,0.247548721,0.092430076,0.196994187,8.158290249,0.083655714,0.17598775,0.637019257,0.102568984,0.394416391,0.770577942,0.284633288,0.126457864,1.345414851,0
0.05255,3.679802,0.280648,0.139756,0.047736,0.087444,0.038487,0.009092,0.034699,0.161087,2.665262,0.170562,0.490983,0.089684,0.013073,0.015178,0.251905,0.233966,0.015592,0.753951,0.040619,0.089196,0.030569,0.04439,0.079704,0.10477,0.024998,0.08399,0.05724,0.121202,0.07361,0.211965,8.190226,0.080099,0.205902,0.94907,0.123711,0.442372,0.624011,0.581909,0.085145,1.624087,0
0.064177,3.595819,0.422176,0.18003,0.089767,0.024503,0.036549,0.01331,0.027261,0.1636,2.441629,0.189599,1.157645,0.196406,0.014638,0.012527,0.213212,0.227372,0.021403,0.5822,0.050624,0.09769,0.014089,0.111436,0.103039,0.094927,0.157467,0.031646,0.031595,0.026393,0.538946,0.288413,11.69498,0.014877,0.293024,0.554339,0.115063,0.420916,0.501681,0.326087,0.09461,1.316139,0
0.036999595,2.400818752,0.198932705,0.181018569,0.105279701,0.088595917,0.125568625,0,0.023983074,0.227855116,2.705968834,0.216002191,0.396364942,0.153003857,0.010929465,0.014206388,0.236652093,0.139889364,0.020884476,0.469901167,0.039892671,0.050166937,0.013247696,0.076939243,0.093973187,0.106351817,0.11724914,0.045970262,0.058007385,0.126625597,0.085970175,0.336004712,9.106395703,0.078905459,0.20605367,0.715485294,0.065911807,0.579857507,0.595428996,0.453136411,0.122139337,1.348975803,0
0.037392059,2.574560422,0.290022654,0.165834592,0.054457017,0.078225423,0.205463618,0.010438727,0.02063225,0.228885218,3.690364516,0.173461615,0.419772144,0.294050549,0.011407006,0.009209665,0.221015363,0.194776979,0,0.868769811,0.052456447,0.038177114,0.005736186,0.094377305,0.089718454,0.094621492,0.046532972,0.080334708,0.159204297,0.184908586,0.075187484,0.189985027,8.525780322,0.081715498,0.184698606,0.86570647,0.348587155,0.552714689,0.761631804,0.450003539,0.172044588,1.452891445,0
0.056419023,2.868100116,0.42292928,0.147698842,0.109280574,0.077449651,0.0387819,0.010528847,0.027915311,0.252548365,2.752634271,0.273669998,0.292003788,0.237308779,0.013980015,0.023053158,0.156488376,0.183527754,0.017937992,0.439259368,0.023689415,0.04294974,0,0.035718292,0.04867802,0.101680787,0.06525406,0.024844643,0.062003733,0.177524887,0.086771099,0.215418694,8.629517252,0.083495667,0.196074424,0.814011161,0.121221975,0.422106695,0.599879103,0.339250817,0.084003261,1.57936313,0
0.04192774,2.761901815,0.452252253,0.192328284,0.101695198,0.107905155,0.050208948,0.010504337,0.034961047,0.269759279,2.396048638,0.293919825,0.328411185,0.303515166,0.011227661,0.022815276,0.18597746,0.206545305,0,0.575673755,0.023374571,0.038195692,0.007342974,0.084279603,0.082439208,0.121775132,0.133202895,0.084913699,0.090766359,0.214547434,0.082544005,0.236000735,11.27496456,0.027479863,0.257298739,0.9451838,0.155485455,0.523486582,0.807429469,0.424925029,0.111834267,1.453580056,0
0.067062567,3.736697087,0.356704473,0.086279434,0.070516375,0.109599653,0.063945961,0.022570436,0.015164036,0.180368227,1.816033221,0.204870053,0.281783631,0.203459501,0.008552725,0,0.201798755,0.143002231,0.008046321,0.49252243,0.025705086,0.049367717,0.017440646,0.041618101,0.094809305,0.075484181,0.055670295,0.023488618,0.033674424,0.31653782,0.019128657,0.060412364,6.858785618,0.105082919,0.114132825,0.751592083,0.204343602,0.390125093,0.486142469,0.489124756,0.121726872,2.070208844,0
0.023974092,3.0115602,0.135073213,0.109533521,0.118096669,0.093411001,1.299419981,0.01491055,0.025264093,0.325600191,5.15227754,0.213820707,0.426015382,0.107896532,0.016247037,0.007366785,0.242518493,0.168867582,0.024943004,0.652285842,0.031256869,0.021913744,0.072991135,0.053524574,0.114978088,0.078491818,0.050661337,0.032788268,0.052532751,0.073210286,0.05458015,0.231622386,7.935351866,0.047240926,0.169066146,0.950875706,0.154808067,0.656226902,0.914413011,0.431461941,0.144857296,1.829796263,0
0.122229168,5.467069784,0.430259369,0.227451646,0.074978446,0.090086518,0.071640875,0.004732834,0.021381645,0.301622307,2.228235261,0.325344575,0.47670742,0.173591781,0.016144992,0.037863602,0.292802216,0.269857522,0.041067781,0.750101438,0.056835373,0.130386951,0.009416402,0.136278941,0.086065724,0.135555747,0.207753426,0.035467671,0.059063984,0.858249693,0.090386765,0.1752687,12.49708422,0.078346692,0.28360519,0.666161143,0.150820914,0.452194565,0.632945786,0.488580638,0.162784764,3.071462865,0
0.031075235,3.690566551,0.468898829,0.173580516,0.061224726,0.094844604,0.046831404,0.016467493,0.01938283,0.229138109,2.042130654,0.230601064,0.384285328,0.235789465,0.017843886,0.016170805,0.237536884,0.290276934,0.027691079,0.566391487,0.067642499,0.043384474,0.022565781,0.097397837,0.125953869,0.109856741,0.119135998,0.051395044,0.045455672,0.06562152,0.09291349,0.178195365,8.074483497,0.116209427,0.166150767,0.716720999,0.137406414,0.456601154,0.488445531,0.485660697,0.107725082,1.378041999,0
0.044896765,3.43985971,0.286975739,0.091985121,0.073844152,0.104863495,0.034974958,0.009699873,0.015533599,0.184698113,3.643291077,0.189530712,0.33049617,0.134154533,0.018072308,0.010876813,0.210339388,0.18417761,0.023392466,0.561972627,0.069137085,0.037018478,0.039502398,0.052564561,0.106051185,0.120320458,0.03014444,0.033711325,0.064852732,0.112146029,0.092889499,0.276097538,9.637894283,0.084507008,0.243247245,0.73517286,0.365422233,0.448978743,0.55472581,0.496779019,0.181671151,1.407963037,0
0.109365182,4.462677823,0.641131057,0.256672862,0.069442725,0.026961913,0.021769917,0.021157268,0.028138685,0.216938446,1.81261679,0.221251253,0.295898819,0.540385423,0.009535846,0.026095927,0.182349283,0.166530304,0.027173147,0.673021994,0.030551102,0.08800453,0,0.156774661,0.098034206,0.091194801,0.107089781,0.047567191,0.062533028,0.181818701,0.070623421,0.126926839,8.053009313,0.093711052,0.155117618,0.666679988,0.139454211,0.393074532,0.601470857,0.335307821,0.164502889,1.660403278,0
0.058079,3.634631,0.42167,0.16923,0.033246,0.031217,0.036409,0.005181,0.020251,0.218358,16.72216,0.220444,0.824724,0.417656,0.025115,0,0.168594,0.238888,0.012582,0.578001,0.082304,0.3946,0.060856,0.110117,0.178338,0.193662,0.030447,0.049096,0.162243,0.020399,0.098181,0.109997,6.88615,0.057403,0.142728,0.584802,0.994051,0.489975,0.528493,0.319677,0.18575,1.033487,0
0.040244325,3.30047777,0.263026808,0.210256337,0.161595294,0.045700702,0.232695888,0.020041906,0.042628684,0.329744705,5.686347567,0.309842485,0.484077757,0.20594474,0.011006117,0.014414602,0.245778265,0.237592084,0.031882549,0.684973329,0.048109479,0.113679365,0.030821796,0.131671583,0.086876866,0.138870984,0.187701158,0.03507917,0.050980406,0.213995903,0.051982986,0.262558913,9.004177656,0.082980018,0.197763945,0.650494557,0.143997716,0.399836614,0.629917966,0.370866287,0.129364787,2.022902419,0
0.057323915,3.720236305,0.451782388,0.247991093,0.125258664,0.040589331,0.057753319,0.012321161,0.035081961,0.345236963,5.882774536,0.290803122,0.377232968,0.265417741,0.012429625,0.011439286,0.232168737,0.197717728,0,0.629918357,0.086922385,0.070852748,0.018490241,0.200086123,0.081292386,0.104812837,0.087780787,0.014813805,0.067572123,0.810997822,0.055539524,0.163628534,8.771251514,0.015964411,0.185464964,0.469727072,0.175330885,0.341055037,0.454708077,0.327389815,0.104908755,1.307054071,0
0.073955,3.544025,0.401333,0.19156,0.043999,0.050603,0.036762,0.052072,0.029707,0.280868,3.834518,0.28028,0.546751,0.231179,0.0191,0.008361,0.222084,0.184544,0.013224,0.653123,0.058397,0.088502,0.051475,0.057024,0.114834,0.100684,0.061248,0.036081,0.047489,0.132124,0.041498,0.085602,8.110258,0.150732,0.185353,0.648526,0.100968,0.307822,0.392042,0.472709,0.184486,1.519471,0
0.055938,3.666116,0.432708,0.427386,0.047539,0.061811,0.055796,0.011341,0.028395,0.226277,1.079917,0.205054,0.380457,0.145099,0.017034,0.015206,0.353293,0.399467,0.018308,0.72635,0.040527,0.085859,0.028744,0.073747,0.085862,0.091879,0.085483,0.037952,0.046771,0.198318,0.054007,0.200749,8.430404,0.05547,0.183383,0.65684,0.101367,0.394108,0.614591,0.375957,0.142528,1.26977,0
0.038606612,3.053577579,0.275559729,0.263668056,0.073693241,0.034326382,0.128428273,0.0096413,0.021805599,0.196081639,2.070873805,0.178146295,0.322224684,0.143998327,0.011073105,0.00619931,0.228566587,0.18660702,0.015882021,0.626498839,0.134322172,0.07462224,0.035695379,0.075233061,0.096086539,0.080702492,0.082213323,0.033767326,0.057195568,0.160948766,0.072911598,0.212540316,8.137771755,0.010632762,0.165273513,0.514481621,0.238062257,0.382031251,0.529775598,0.280818651,0.12795273,1.334513563,0
0.06274674,4.073721502,0.276729205,0.060390078,0.027314869,0.067761213,0.042652432,0.031443755,0.055433384,0.161769969,2.508886332,0.176403334,0.299752008,0.102800541,0.008027358,0.011959097,0.076828234,0.131834758,0.024341903,0.63901925,0.079248627,0.032513532,0.012690258,0.023823998,0.087613202,0.074816842,0.012499063,0.026108174,0.057201406,0.394735294,0.023875123,0.071240529,7.642667349,0.073113952,0.138095845,0.451025201,0.177077417,0.21299883,0.344698071,0.289227218,0.105274161,1.765815023,0
0.100198466,6.056994026,0.687089557,0.350634097,0.06828145,0.016004882,0.03656922,0.015065905,0.022446397,0.250303075,1.720227489,0.299782,0.33905119,0.390690419,0.017408833,0.009863774,0.276091705,0.301756396,0.035179222,0.763320302,0.044705654,0.101540037,0.036083727,0.095760896,0.163694744,0.095405907,0.111149369,0.050061272,0.06360257,0.259440045,0.05920727,0.113770543,7.502314612,0.075087803,0.16517708,0.719991513,0.224129086,0.391640066,0.485199619,0.417058933,0.16132555,1.536437895,0
0.023376355,2.381759091,0.493960752,0.203443878,0.038506763,0.03061195,0.030504995,0.013382806,0.02319877,0.329547312,4.811852343,0.264891441,0.30565569,0.505664906,0.009760132,0.012676837,0.216517591,0.178025627,0,0.554901457,0.065587858,0.066330151,0.011576682,0.104942524,0.047540745,0.097667578,0.049980862,0.020048984,0.055500135,0.357305452,0.050319889,0.134250835,8.233063637,0.028122391,0.170966946,0.41023228,0.2583302,0.258745911,0.23145696,0.244979346,0.13460836,1.390914827,0
0.047236395,3.419806227,0.359877968,0.185195102,0.118284899,0.011681455,0.064126402,0.012044726,0.029734543,0.273664518,6.073802384,0.266312781,0.273687917,0.140660034,0.02042375,0.014588393,0.172726495,0.166087491,0.012261078,0.419884098,0.026666876,0.10382041,0.032110576,0.10709292,0.085666434,0.166810198,0.16708946,0.020112265,0.033881284,0.004561031,0.041602046,0.279043772,10.72298088,0.026258724,0.271112796,0.4664162,0.097965489,0.266750471,0.289242988,0.281839848,0.110660805,2.631175277,0
0.065578924,2.885141801,0.399776391,0.187322471,0.080320695,0.018718195,0.039761737,0.007702642,0.018702423,0.177762276,3.786093232,0.176665381,0.313555403,0.11046094,0.013045526,0.005232477,0.265305991,0.244392929,0.027930682,0.552744174,0.058609338,0.086519587,0.018803151,0.069969731,0.04779058,0.104082099,0.118030234,0.018046437,0.046746021,0.227000687,0.049027993,0.113310358,8.359226753,0.065168843,0.175008926,0.433990204,0.084138679,0.220022856,0.26621075,0.351639177,0.131524555,1.256085618,0
0.050701377,4.000487956,0.707037021,0.320985913,0.061751115,0.030233174,0.048180819,0.046100335,0.030268994,0.337426925,3.556923823,0.298595856,0.30582784,0.261954924,0.01153477,0.010188961,0.242805481,0.188881766,0.013451871,0.643754418,0.090313176,0.067606954,0.025878851,0.085314094,0.058416566,0.080815395,0.132481719,0.022445614,0.043639356,0.484691338,0.082597988,0.170033137,9.069908571,0.016385455,0.16264508,0.347619176,0.392047668,0.187387194,0.294260906,0.256902111,0.109443248,1.370196008,0
0.07826887,3.335214145,0.385281564,0.25333237,0.140151066,0.067455165,0.189731049,0.017079327,0.032259716,0.258658049,2.435967012,0.218224247,0.419360037,0.178074253,0.014826323,0.015923055,0.304979195,0.299397889,0,0.647454871,0.076418756,0.099787521,0.014968823,0.081680925,0.090530198,0.07902146,0.10939097,0.035978999,0.041871105,0.266552296,0.041027618,0.18545169,10.70822605,0.019381154,0.221067494,0.599092289,0.116641389,0.502453258,0.545315907,0.356702231,0.092468433,1.496178507,0
0.052057575,2.17217129,0.267095985,0.20118436,0.063779582,0.070598825,0.075755011,0.007692191,0.033574226,0.162392485,4.875959798,0.132477963,0.50205232,0.138670107,0.01076399,0.011798613,0.254873814,0.242838704,0.009712444,0.585310681,0.079184452,0.115798409,0.018906017,0.071392941,0.053478344,0.086530582,0.104113815,0.0420926,0.076611481,0.158995557,0.063046929,0.227923754,10.519901,0.07865712,0.20536516,0.564281973,0.096394455,0.445082627,0.583159486,0.349196798,0.127260759,1.863854763,0
0.079410437,2.754550517,0.362709866,0.142518001,0.077364229,0.041497329,0.054564819,0.008332934,0.023194712,0.152768642,2.955340614,0.195535731,0.33928574,0.24372852,0.008423683,0.013001424,0.168336085,0.240917116,0,0.594736487,0.07089056,0.087390902,0.025880882,0.08250897,0.069222593,0.073847887,0.109255234,0.01316804,0.034215631,0.158229553,0.058699342,0.196560832,9.523542463,0.092210035,0.227181714,0.472077992,0.055795738,0.332494087,0.518766888,0.260621623,0.067861359,1.33536248,0
0.063306777,2.515144628,0.633889782,0.188522045,0.12924957,0.066638795,0.077703781,0.024679625,0.057240211,0.254632459,5.890332711,0.248257737,0.458779817,0.187101384,0.014867679,0.014280022,0.176266436,0.191066595,0.00841523,0.55119975,0.058561163,0.16927854,0.066962654,0.055868619,0.132833609,0.103988569,0.059762778,0.025270815,0.052447491,0.042401189,0.130023691,0.360454266,12.78322489,0.091039705,0.277451367,0.484241022,0.15576361,0.331472224,0.43746126,0.280008087,0.132654603,1.777815856,0
0.053601129,4.173812562,0.130925334,0.071292546,0.133826538,0.106239012,0.041852043,0.02065349,0.060042672,0.093616402,3.269621863,0.153493856,0.232530324,0.050476999,0.013313523,0.01575504,0.185986552,0.151267755,0.041433464,0.561000386,0.020186294,0.078199704,0.017783512,0.041746114,0.155225883,0.115002308,0.089866576,0.020404082,0.047780144,0.08319104,0.06035137,0.190422548,8.397311604,0.021755078,0.145875626,0.412114464,0.082173247,0.346347645,0.394195378,0.255268808,0.083463769,1.516081525,0
0.040380886,4.044171449,0.265511522,0.273913839,0.084135316,0.082117965,0.106535655,0.010545047,0.026674895,0.117914743,1.899209569,0.197140432,0.371052714,0.172254324,0.015187172,0.013542843,0.284071069,0.287136616,0.020839726,0.705554041,0.143301586,0.109073989,0.068928285,0.076685019,0.106466346,0.104065851,0.076769124,0.03186565,0.055157658,0.11661501,0.053119281,0.171070235,7.914385839,0.054893272,0.155159215,0.495166302,0.151939086,0.35656992,0.53535289,0.275942482,0.115430142,1.460141265,0
0.044108291,3.434175063,0.206494697,0.087411016,0.283966312,0.046846265,0.525693831,0.066924479,0.066858404,0.293945278,5.759434141,0.333583787,0.362920865,0.083766582,0.018878174,0.013652284,0.168521921,0.128340962,0.032204433,0.508051306,0.030291017,0.057432967,0.02513041,0.028201926,0.100130331,0.175017884,0.012557094,0.025264143,0.060600629,0.225698896,0.061991378,0.371363084,10.14223618,0.019278979,0.199970246,0.646733264,0.296775442,0.394919554,0.729383687,0.336968271,0.134572623,1.557243841,0
0.026425236,3.105976847,0.365191192,0.241374553,0.088744201,0.022517694,0.098528696,0.012979425,0.021307415,0.325142092,4.820013242,0.301363188,0.422875966,0.20294357,0.015193057,0.008338416,0.239476524,0.194003222,0,0.629944832,0.047439906,0.111800866,0.02239819,0.110196384,0.086397831,0.135503174,0.15595802,0.029746888,0.05452754,0.2696509,0.089562282,0.193091302,9.552901202,0.077399335,0.211218625,0.538012519,0.299498043,0.357007169,0.585632483,0.35712146,0.13143362,1.764504806,0
0.037382735,3.473679692,0.370652025,0.301813673,0.125029695,0.019745381,0.078222635,0.007951594,0.04243584,0.27359614,4.288761616,0.220891224,0.395989935,0.199470202,0.016417201,0,0.236542604,0.225807259,0.011062619,0.59577971,0.078080944,0.070734999,0.067381022,0.133018252,0.111970322,0.078566849,0.180671219,0.034161207,0.041902191,0.066057681,0.042872846,0.147573458,8.180501422,0.061742674,0.163437759,0.541379516,0.113575503,0.39308182,0.466468121,0.282871845,0.113749921,1.819178235,0
0.032156964,3.272924339,0.433236145,0.409303577,0.06740734,0.018897184,0.058295272,0.012068028,0.030928354,0.299573672,1.808244976,0.332212482,0.415060002,0.215539775,0.012618983,0.027588452,0.378592918,0.269108351,0.012001222,0.842834205,0.119696241,0.086266129,0.011078613,0.16123096,0.070854744,0.115158445,0.205318118,0.024491586,0.095464968,1.030518305,0.055850337,0.118492587,9.279306971,0.021841242,0.187922911,0.496370607,0.15488941,0.319590043,0.466628247,0.313572539,0.121800237,2.257600493,0
0.027523604,3.280295718,0.264476361,0.155678288,0.120010683,0.026307349,0.47107027,0.010044255,0.035238812,0.232315739,2.553252906,0.274055036,0.416620843,0.121475247,0.011212227,0.011754062,0.235468268,0.145768534,0.01905044,0.602930813,0.035600929,0.091535228,0.025988149,0.068277712,0.109196211,0.108972043,0.081388661,0.053738987,0.083037923,0.189982492,0.05186364,0.264824683,8.556608527,0.06890385,0.181493617,0.590530688,0.245186809,0.517309403,0.490147533,0.339737766,0.146587417,1.695768131,0
0.048216827,4.002660089,0.225439974,0.057712987,0.114787898,0.125009426,0.058894885,0.009116675,0.045229298,0.184251011,1.848483532,0.181641739,0.282366123,0.149228898,0.010865752,0.011755454,0.197883404,0.205040768,0.018683733,0.724376102,0.059330925,0.0438093,0.009709673,0.045437482,0.102640254,0.09269453,0.031045709,0.031517812,0.05722859,0.090141811,0.046268171,0.165012393,9.749277911,0.02287488,0.22708291,0.641900232,0.103961078,0.431891315,0.555263952,0.336314168,0.139688477,1.733559987,0
0.032076851,2.59705977,0.196937779,0.112023573,0.107017322,0.012316814,0.097609441,0.010817713,0.037523051,0.258286046,3.13820396,0.239776504,0.300317425,0.079534514,0.009639771,0.002072423,0.188238014,0.144568471,0.016088218,0.516945177,0.017859753,0.073344631,0.01036567,0.066052918,0.072341674,0.122412006,0.137787839,0.01690232,0.03141746,0.169112472,0.09261137,0.167400331,7.787971981,0.088630483,0.148996776,0.435749026,0.18292483,0.262688032,0.523537665,0.232518934,0.072191231,1.156853986,0
0.037614865,3.508922328,0.342485347,0.193145991,0.117998134,0.039484212,0.348216862,0.01345408,0.034273141,0.233267039,3.944046589,0.240474913,0.538412789,0.141635378,0.013411152,0.016715702,0.202657359,0.188638138,0.023650078,0.570910404,0.063507363,0.094186967,0.03467852,0.062272195,0.125466673,0.103652751,0.073369676,0.047881229,0.065493102,0.056402604,0.073234254,0.300831736,10.16238938,0.079439302,0.224627502,0.798678711,0.187390579,0.455264886,0.78759318,0.384931572,0.174013061,2.050984859,0
0.040445837,3.35411945,0.283969547,0.125936946,0.099424256,0.119876479,0.070557022,0.009103666,0.028519386,0.212036695,3.180498929,0.220043105,0.275008872,0.16744818,0.016811498,0.009956799,0.238281554,0.208542665,0.030568313,0.647800932,0.0539589,0.022277031,0.018426264,0.102646379,0.072115481,0.099582065,0.041437516,0.033514456,0.054706456,0.798353524,0.037974233,0.136947288,8.774502475,0.072969725,0.183678822,0.467761724,0.16623831,0.356083175,0.457078485,0.299891608,0.121042267,1.426348287,0
0.074968718,3.246822872,0.271614403,0.053054242,0.058217032,0.085491779,0.041750783,0.004434212,0.014209647,0.194705612,3.256171132,0.189571114,0.292311782,0.211350575,0.017367658,0.00942165,0.173953331,0.194767798,0.006745437,0.40222226,0.060361869,0.026473059,0.0170783,0.043809344,0.119818127,0.080963728,0.014291441,0.048775494,0.031526324,0.285607802,0.041859187,0.171828383,8.702123464,0.077452773,0.246418946,0.594188073,0.130121578,0.334909351,0.364855549,0.320288776,0.084866563,1.121306656,0
0.050046917,4.802413806,0.590259071,0.307711587,0.092315437,0.098635697,0.065184809,0.032055853,0.027261468,0.51189826,4.90925215,0.409862857,0.445177237,0.612948974,0.022009677,0.019277006,0.286812091,0.250614272,0.011639431,0.664534244,0.282835903,0.054115798,0.020339058,0.110395273,0.106739947,0.107085408,0.08166925,0.083061433,0.061478502,0.431537055,0.072585659,0.137919847,9.013186697,0.086981292,0.198019357,0.995389576,0.393576637,0.383747221,0.578152607,0.521611096,0.230720498,1.640357326,0
0.060509412,3.774220737,0.503776939,0.224160472,0.040962026,0.101940679,0.056625321,0.040589151,0.017629791,0.341080541,3.042196435,0.310526672,0.395900453,0.278944787,0.01188204,0.020788986,0.197560451,0.226682147,0.020159376,0.668237395,0.070369942,0.064694105,0.019547386,0.13694928,0.110554574,0.099911258,0.18468024,0.038326008,0.058770524,0.519614626,0.044945,0.090085607,8.914704245,0.092923345,0.17998963,0.933808279,0.261675287,0.409906123,0.663942673,0.571009619,0.215928802,1.431148888,0
0.058222868,3.239564075,0.518230422,0.208123658,0.051216712,0.108489502,0.042081438,0.026551207,0.024227739,0.299613693,3.371932548,0.295606861,0.366627251,0.219632984,0.012252882,0.007403607,0.251256723,0.188623487,0,0.581741852,0.065311177,0.048164521,0.051307992,0.071055381,0.105748426,0.080812883,0.07905155,0.034021753,0.045347758,0.544346145,0.043851899,0.126630355,9.776600556,0.069460255,0.195861267,0.721600649,0.336390595,0.367493275,0.416050682,0.422205648,0.193695638,1.501822377,0
0.067429879,3.227753953,0.216680562,0.111702495,0.142216924,0.079096073,0.061190233,0.009110368,0.032967144,0.227188647,3.568087985,0.260478543,0.41548409,0.131768414,0.016228579,0.014504837,0.197778644,0.166544407,0,0.50893017,0.039013991,0.079276434,0.037408743,0.064765051,0.105911624,0.152810116,0.111166321,0.057305757,0.050611771,0.277443297,0.039960314,0.257314857,8.927684329,0.092067676,0.196079125,1.09043395,0.260817661,0.653167074,0.718986141,0.57694205,0.227777194,1.983361599,0
0.026631802,2.408685112,0.198773634,0.151107949,0.077044614,0.091593986,0.117958289,0.011012794,0.025716939,0.248972591,3.457904325,0.252454074,0.474003962,0.203692655,0.011518071,0.020513019,0.286759999,0.249013912,0.015546152,0.582048453,0.068671658,0.050107979,0.009746339,0.073569294,0.097363352,0.09955482,0.079329236,0.047718242,0.079752595,0.190232493,0.055846172,0.234820119,9.726981799,0.033229402,0.250805217,0.885097297,0.161983006,0.633376491,0.858226267,0.516735765,0.144601328,1.493060957,0
0.038791051,4.071255933,0.350585029,0.186389252,0.113704142,0.030169914,0.050290675,0.008336928,0.030519948,0.315417063,2.968678149,0.324243806,0.25938219,0.118038137,0.019792024,0.021762514,0.199711841,0.148161198,0.016737745,0.590471795,0.04433274,0.09200513,0.022066471,0.066414312,0.119704283,0.115910828,0.111790184,0.018005069,0.071952516,0.144001447,0.03712684,0.19077397,7.53841701,0.074927805,0.133516301,0.418608955,0.273331666,0.281241893,0.519388168,0.237313783,0.063262457,1.402985976,0
0.050436,2.965282,0.298737,0.156001,0.072101,0.023842,0.0509,0.01516,0.026474,0.244257,4.584252,0.225378,0.365318,0.243817,0.013223,0.01829,0.191845,0.23002,0.019665,0.574015,0.063928,0.074828,0.011018,0.121698,0.110834,0.091969,0.126931,0.026621,0.036696,0.717548,0.05585,0.190446,9.271804,0.096753,0.193291,0.432345,0.134547,0.337323,0.45346,0.251393,0.063616,1.33606,0
0.069214403,3.25699501,0.244552472,0.150309138,0.119157106,0.053398628,0.204966972,0.017883742,0.041949862,0.24265026,3.452570611,0.203690398,0.373452093,0.102167457,0.01742046,0.02663928,0.207034561,0.166504751,0.029196581,0.59038284,0.033210182,0.072393567,0.083873672,0.047249098,0.084643543,0.076234616,0.040181311,0.020822769,0.039152802,0.642604574,0.056069579,0.213551847,8.100979613,0.019680611,0.20668002,0.731917938,0.156230614,0.38665695,0.538673473,0.417310963,0.156298955,1.547466014,0
0.066987,3.55534,0.38943,0.185117,0.095128,0.053884,0.096553,0.013098,0.035858,0.319522,1.940768,0.301836,0.348456,0.174885,0.013432,0.005774,0.317458,0.24742,0.022629,0.733856,0.051564,0.075492,0.012548,0.076279,0.094767,0.088892,0.062464,0.034307,0.072712,0.249738,0.062423,0.199089,8.127464,0.079307,0.198808,0.480452,0.13503,0.345079,0.588152,0.294993,0.10221,1.601177,0
0.036293617,3.610820106,0.526274644,0.352845326,0.080464242,0.055010879,0.065537854,0.025307576,0.050054117,0.295802847,2.337832121,0.248277071,0.467475348,0.280273244,0.006534211,0.010366446,0.303475098,0.293598022,0.027229017,0.702765491,0.081118236,0.076122161,0.010998736,0.074050428,0.086267879,0.095153521,0.084840312,0.028576319,0.07812141,0.162431811,0.070928291,0.107114615,8.722087196,0.080587096,0.189224286,0.708047407,0.134005374,0.48326704,0.686250188,0.350020496,0.101642685,2.151666089,0
0.056768613,4.039073409,0.280210412,0.162350695,0.173075995,0.043435008,0.090224741,0.019494682,0.05419817,0.118347344,3.113946634,0.154747541,0.361011302,0.122649446,0.023343691,0.020561886,0.264492344,0.232291897,0,0.661406646,0.064012705,0.107163541,0.035109566,0.09157903,0.109602925,0.147710649,0.103358636,0.028552813,0.033355024,0.321695744,0.060650491,0.242876983,10.34175128,0.026700912,0.229314959,0.580966484,0.203971664,0.372612416,0.64810383,0.312934683,0.124080706,1.948927304,0
0.04512329,2.766181438,0.146063794,0.0935121,0.182763202,0.068394323,0.245091831,0.034467679,0.020598253,0.200401182,2.901673408,0.227779032,0.405534938,0.108943269,0.011436483,0.016605747,0.160678583,0.141377629,0,0.430273959,0.033060739,0.07652168,0.007785667,0.042185132,0.043851843,0.100445567,0.050277915,0.039085007,0.07800898,0.082887325,0.067538386,0.262731992,9.108201644,0.015806498,0.221209058,0.715032323,0.081936076,0.503615464,0.624627825,0.348400802,0.175462192,0.917039478,0
0.038128,2.899861,0.157807,0.049982,0.101191,0.149374,0.126247,0.012052,0.033183,0.127101,2.672888,0.154913,0.288491,0.096041,0.014587,0,0.170148,0.177768,0.030567,0.714986,0.031087,0.028966,0.012973,0.037743,0.088014,0.088701,0.032267,0.047218,0.044963,0.330636,0.05983,0.129377,9.228417,0.08788,0.227005,0.635988,0.119932,0.371683,0.648533,0.352402,0.14111,1.612348,0
0.068823926,3.292120235,0.172447983,0.066670141,0.126741437,0.117707434,0.148409105,0.01159674,0.043348445,0.190068032,3.00614577,0.243447118,0.248132304,0.146526781,0.01040378,0.013705761,0.130339499,0.152819313,0.014034456,0.489534989,0.027011844,0.033860407,0.026099299,0.054166292,0.075899827,0.132981851,0.044835887,0.031344674,0.068274609,0.15683336,0.099195624,0.320401456,12.7562795,0.102584255,0.553773489,0.578508766,0.091863609,0.475433707,0.688048059,0.295363702,0.148045238,1.55521265,0
0.045314197,3.299852311,0.44577754,0.171376756,0.060233864,0.101059054,0.050658136,0.037019637,0.030531221,0.342161772,3.293160089,0.3098859,0.358284247,0.242942596,0.015076036,0.025678525,0.178088305,0.180537493,0.017136938,0.645549418,0.067951442,0.038180629,0.023401518,0.062410725,0.109428812,0.092480922,0.076211566,0.037367513,0.050048474,0.514831995,0.058673341,0.084559187,8.416616037,0.103298111,0.172640003,0.792324659,0.298780571,0.287534687,0.508543169,0.499872621,0.24137364,1.497908351,0
0.02938,2.682537,0.187764,0.130443,0.07335,0.102578,0.052738,0.004286,0.025134,0.192962,3.603994,0.205866,0.373173,0.184784,0.018266,0.021707,0.292348,0.242321,0,0.523577,0.052335,0.066636,0.007179,0.08696,0.088039,0.097363,0.125048,0.04658,0.06909,0.198072,0.088072,0.251129,9.490885,0.107159,0.217299,0.875453,0.136139,0.50063,0.634388,0.502505,0.175234,1.578772,0
0.09358214,4.122742613,0.288459754,0.128664998,0.138530246,0.071185531,0.070312678,0.006602041,0.033923018,0.174987938,2.280595165,0.183731654,0.362334185,0.164838014,0.01399173,0.022996344,0.215392125,0.221575738,0.024119197,0.469504819,0.060629398,0.061705685,0.025035312,0.066316315,0.109245599,0.119667979,0.100215224,0.072577207,0.034513836,0.303618259,0.08739027,0.213282484,8.778978092,0.01785203,0.203938371,0.933504029,0.253601136,0.559511004,0.810689752,0.441564952,0.219621315,1.921337594,0
0.05440093,3.392076441,0.466284817,0.148838017,0.0903973,0.077167763,0.05261927,0.034147888,0.033717907,0.285752417,5.156600188,0.282339081,0.320669477,0.217949086,0.007087784,0.009336831,0.236669958,0.235276152,0,0.664804506,0.064972503,0.028622053,0.035627037,0.054225887,0.058151278,0.077678002,0.054839627,0.030785757,0.057864746,0.604140164,0.080119886,0.136277782,9.4744806,0.0177447,0.204408321,0.688713475,0.467847492,0.413432762,0.381176935,0.451039744,0.202818771,1.718724613,0
0.060606523,3.459084417,0.368972889,0.174475123,0.090096276,0.050012863,0.08639877,0.017751885,0.030852289,0.415225236,6.32009661,0.307491856,0.452928728,0.208223451,0.013730099,0.018004727,0.231717649,0.228095995,0.01953181,0.742108835,0.061896817,0.093821877,0.024046436,0.07083296,0.103891793,0.114765184,0.084981252,0.02822073,0.060086793,0.31277504,0.080622343,0.177842732,9.049507581,0.123346145,0.319991861,0.678149954,0.241168305,0.368785064,0.485197331,0.455148918,0.232883931,2.071555365,0
0.067586368,3.91323263,0.283501302,0.159162972,0.062137909,0.045844704,0.04698215,0.018116879,0.023952633,0.186528882,2.877262553,0.152030905,0.426726873,0.136905226,0.017815597,0.009111786,0.163426983,0.137388876,0,0.556542804,0.079244717,0.081161924,0.016772155,0.057569325,0.088857544,0.082321461,0.079374912,0.040678726,0.076465965,0.322939649,0.041828392,0.086717548,9.065619809,0.055798294,0.234657408,0.468251633,0.303050329,0.340582278,0.419646508,0.347263597,0.119672453,2.174250578,0
0.05725345,2.831668292,0.22774562,0.130209569,0.124746233,0.022208925,0.036043655,0.019407718,0.03064583,0.198993653,4.267251198,0.229201575,0.273527991,0.084002252,0.014342702,0.017019544,0.150684029,0.129811948,0.02176226,0.537821385,0.028834293,0.076579191,0.01653154,0.068064515,0.098896368,0.116468376,0.072691622,0.017940902,0.042109902,0.091903157,0.028258357,0.272993744,7.296443874,0.024582035,0.213740282,0.50200369,0.110864559,0.373217497,0.41329796,0.300243161,0.099818776,1.429876794,0
0.051232898,3.168764273,0.242540711,0.085435575,0.119289025,0.116500384,0.046853471,0.019840715,0.028909065,0.213481468,2.978489835,0.218076231,0.182011016,0.117085208,0.011597952,0.011036966,0.215066293,0.259867318,0.02189197,0.433355079,0.050617482,0.041535624,0.016414011,0.031896356,0.082076809,0.095801106,0.021115647,0.013734627,0.041651238,0.078005289,0.009788256,0.090671976,6.863312854,0.065441502,0.128233815,0.331688251,0.069607183,0.219337258,0.322572622,0.207793338,0.105708948,1.167510795,0
0.094015226,4.407708407,0.535653073,0.161633289,0.135747512,0.056543709,0.090681182,0.026615746,0.073867671,0.346578654,4.668028353,0.28664095,0.269937722,0.366414624,0.007119179,0.009302195,0.195780789,0.284500583,0.021132525,0.605038293,0.052690024,0.076823265,0.024436451,0.097460455,0.093939078,0.107240533,0.145662256,0.016171317,0.048606081,0.044744584,0.031639904,0.192279264,8.759169749,0.067934731,0.226177703,0.680395372,0.080157803,0.268622557,0.364150625,0.430436246,0.115148273,1.842751499,0
0.071,3.104439,0.335137,0.111508,0.176812,0.023245,0.075751,0.020747,0.060404,0.30343,3.456819,0.275933,0.495151,0.192772,0.011373,0.008124,0.195907,0.185275,0.017201,0.560264,0.045902,0.096528,0.009597,0.074113,0.148604,0.130352,0.070093,0.079792,0.0703,0.327128,0.05086,0.283024,10.54795,0.080527,0.264719,0.804485,0.144824,0.693119,0.60527,0.452496,0.18491,2.72162,0
0.035719,3.781629,0.174464,0.093223,0.117274,0.029291,0.116843,0.007932,0.040682,0.188801,2.400812,0.220419,0.268415,0.075062,0.018495,0.005707,0.092228,0.203821,0.028715,0.7337,0.03264,0.071837,0.032051,0.015065,0.114643,0.06816,0.023534,0.021954,0.047125,0.109841,0.116012,0.333577,8.817106,0.018246,0.161117,0.652326,0.082291,0.541519,0.614731,0.347213,0.110705,1.645216,0
0.079545,3.767362,0.360156,0.171161,0.101914,0.122953,0.077155,0.013283,0.035285,0.348006,5.327902,0.266359,0.375971,0.341916,0.009745,0.01591,0.201151,0.18008,0.026366,0.623657,0.080223,0.122781,0.022153,0.270555,0.075673,0.102684,0.165977,0.01536,0.037581,0.578408,0.047241,0.144153,10.23688,0.061154,0.24829,0.651713,0.326879,0.380722,0.474701,0.397722,0.149685,1.22719,0
0.053655,3.116193,0.317902,0.209011,0.093202,0.04675,0.063043,0.014309,0.030055,0.209734,6.076771,0.183005,0.282829,0.23375,0.01104,0.015896,0.169548,0.19647,0.014176,0.768307,0.095099,0.089194,0.020867,0.113128,0.053178,0.102789,0.177064,0.02052,0.038336,0.19382,0.048991,0.174325,9.085473,0.061979,0.190511,0.596514,0.232383,0.296867,0.42874,0.320491,0.147714,1.472851,0
0.037332,2.696401,0.107933,0.108614,0.089318,0.037436,1.036333,0.010919,0.039583,0.089523,1.073643,0.123035,0.401079,0.05847,0.010172,0.010527,0.149393,0.16957,0.019739,0.492691,0.037068,0.044657,0.012044,0.029314,0.073434,0.065878,0.02298,0.015837,0.074854,0.180147,0.052065,0.252411,8.756483,0.032834,0.172971,0.650515,0.083413,0.5988,0.711397,0.312672,0.097042,1.819117,0
0.037211,3.394715,0.319346,0.254995,0.107282,0.045678,0.067921,0.0229,0.037423,0.20175,2.96609,0.194714,0.360811,0.202835,0.015732,0.019112,0.255957,0.218129,0.037234,0.583379,0.092301,0.027449,0.021989,0.06911,0.111596,0.117517,0.087657,0.022611,0.065902,0.123562,0.055655,0.125053,8.562492,0.013901,0.165636,0.553573,0.156469,0.356835,0.503304,0.298139,0.096105,2.194598,0
0.109855,5.786661,0.560179,0.183676,0.183534,0.039077,0.120947,0.011051,0.050722,0.377163,3.834701,0.326355,0.477469,0.366388,0.020568,0.025775,0.242154,0.228648,0.021482,0.802567,0.076761,0.101647,0.026878,0.08988,0.17925,0.12771,0.077778,0.041262,0.068039,0.110464,0.100427,0.185835,11.59941,0.104761,0.288217,0.804848,0.164804,0.541947,0.811374,0.436829,0.159122,2.202525,0
